case	state	r_value	mass_mode	custom_mass_min_GeV	custom_mass_max_GeV	mDM_GeV	sigmav95_cm3_s	best_sigmav_cm3_s	best_alpha_sec	best_L_kpc	best_minus2loglike	lr_at_limit
onshell_4b_r0p1	4b	0.1	baseline-plus-edges	96.27	1000.0	9.6270000000e+01	1.2881203647e-25	2.0918203855e-26	1.0000000000e+00	1.8394993224e+00	7.0513550059e+01	3.8401002827e+00
onshell_4b_r0p1	4b	0.1	baseline-plus-edges	96.27	1000.0	1.2224000000e+02	2.4621442995e-25	4.1559045028e-26	1.0000000000e+00	1.8235782747e+00	7.0393646165e+01	3.8403001023e+00
onshell_4b_r0p1	4b	0.1	baseline-plus-edges	96.27	1000.0	1.7078000000e+02	1.5377516157e-25	0.0000000000e+00	1.0000000000e+00	2.0084652687e+00	7.1534013323e+01	3.8402571009e+00
onshell_4b_r0p1	4b	0.1	baseline-plus-edges	96.27	1000.0	2.3296000000e+02	8.1904181593e-26	0.0000000000e+00	1.0000000000e+00	2.0084652687e+00	7.1534013323e+01	3.8400021387e+00
onshell_4b_r0p1	4b	0.1	baseline-plus-edges	96.27	1000.0	3.1778000000e+02	6.9012935383e-26	0.0000000000e+00	1.0000000000e+00	2.0084652687e+00	7.1534013323e+01	3.8402463063e+00
onshell_4b_r0p1	4b	0.1	baseline-plus-edges	96.27	1000.0	4.4395000000e+02	8.1841834135e-26	0.0000000000e+00	1.0000000000e+00	2.0084652687e+00	7.1534013323e+01	3.8400268861e+00
onshell_4b_r0p1	4b	0.1	baseline-plus-edges	96.27	1000.0	6.0559000000e+02	1.1510701926e-25	0.0000000000e+00	1.0000000000e+00	2.0084652687e+00	7.1534013323e+01	3.8400430732e+00
onshell_4b_r0p1	4b	0.1	baseline-plus-edges	96.27	1000.0	8.4604000000e+02	1.8508095858e-25	0.0000000000e+00	1.0000000000e+00	2.0084652687e+00	7.1534013323e+01	3.8402297897e+00
onshell_4b_r0p1	4b	0.1	baseline-plus-edges	96.27	1000.0	1.0000000000e+03	2.4224420273e-25	0.0000000000e+00	1.0000000000e+00	2.0084652687e+00	7.1534013323e+01	3.8401463118e+00
onshell_4b_r0p2	4b	0.2	baseline-plus-edges	48.47	1000.0	4.8470000000e+01	9.0039776183e-27	0.0000000000e+00	1.0000000000e+00	2.0084652687e+00	7.1534013323e+01	3.8400135840e+00
onshell_4b_r0p2	4b	0.2	baseline-plus-edges	48.47	1000.0	6.6010000000e+01	2.9359645956e-26	0.0000000000e+00	1.0000000000e+00	2.0084652687e+00	7.1534013323e+01	3.8401758976e+00
onshell_4b_r0p2	4b	0.2	baseline-plus-edges	48.47	1000.0	8.9900000000e+01	1.2277300590e-25	0.0000000000e+00	1.0000000000e+00	2.0084652687e+00	7.1534013323e+01	3.8400891124e+00
onshell_4b_r0p2	4b	0.2	baseline-plus-edges	48.47	1000.0	1.2244000000e+02	1.8045729340e-25	0.0000000000e+00	1.0000000000e+00	2.0084652687e+00	7.1534013323e+01	3.8400459506e+00
onshell_4b_r0p2	4b	0.2	baseline-plus-edges	48.47	1000.0	1.7197000000e+02	1.2092753693e-25	0.0000000000e+00	1.0000000000e+00	2.0084652687e+00	7.1534013323e+01	3.8401877879e+00
onshell_4b_r0p2	4b	0.2	baseline-plus-edges	48.47	1000.0	2.3420000000e+02	8.3839407214e-26	0.0000000000e+00	1.0000000000e+00	2.0084652687e+00	7.1534013323e+01	3.8400346348e+00
onshell_4b_r0p2	4b	0.2	baseline-plus-edges	48.47	1000.0	3.1894000000e+02	7.4379189344e-26	0.0000000000e+00	1.0000000000e+00	2.0084652687e+00	7.1534013323e+01	3.8400599070e+00
onshell_4b_r0p2	4b	0.2	baseline-plus-edges	48.47	1000.0	4.4798000000e+02	8.5508681394e-26	0.0000000000e+00	1.0000000000e+00	2.0084652687e+00	7.1534013323e+01	3.8401834105e+00
onshell_4b_r0p2	4b	0.2	baseline-plus-edges	48.47	1000.0	6.1008000000e+02	1.1721025979e-25	0.0000000000e+00	1.0000000000e+00	2.0084652687e+00	7.1534013323e+01	3.8401847965e+00
onshell_4b_r0p2	4b	0.2	baseline-plus-edges	48.47	1000.0	8.3085000000e+02	1.7753431220e-25	0.0000000000e+00	1.0000000000e+00	2.0084652687e+00	7.1534013323e+01	3.8402575506e+00
onshell_4b_r0p2	4b	0.2	baseline-plus-edges	48.47	1000.0	1.0000000000e+03	2.3947259713e-25	0.0000000000e+00	1.0000000000e+00	2.0084652687e+00	7.1534013323e+01	3.8402293524e+00
onshell_4b_r0p3	4b	0.3	baseline-plus-edges	32.45	1000.0	3.2450000000e+01	8.5075674273e-26	0.0000000000e+00	1.0000000000e+00	2.0084652687e+00	7.1534013323e+01	3.8400919361e+00
onshell_4b_r0p3	4b	0.3	baseline-plus-edges	32.45	1000.0	3.4800000000e+01	3.5685270581e-26	0.0000000000e+00	1.0000000000e+00	2.0084652687e+00	7.1534013323e+01	3.8401912055e+00
onshell_4b_r0p3	4b	0.3	baseline-plus-edges	32.45	1000.0	4.7680000000e+01	1.8431886162e-26	0.0000000000e+00	1.0000000000e+00	2.0084652687e+00	7.1534013323e+01	3.8400972517e+00
onshell_4b_r0p3	4b	0.3	baseline-plus-edges	32.45	1000.0	6.5320000000e+01	4.4534049104e-26	0.0000000000e+00	1.0000000000e+00	2.0084652687e+00	7.1534013323e+01	3.8402090726e+00
onshell_4b_r0p3	4b	0.3	baseline-plus-edges	32.45	1000.0	8.9490000000e+01	1.0699230662e-25	0.0000000000e+00	1.0000000000e+00	2.0084652687e+00	7.1534013323e+01	3.8401380458e+00
onshell_4b_r0p3	4b	0.3	baseline-plus-edges	32.45	1000.0	1.2260000000e+02	1.6923243317e-25	0.0000000000e+00	1.0000000000e+00	2.0084652687e+00	7.1534013323e+01	3.8401002289e+00
onshell_4b_r0p3	4b	0.3	baseline-plus-edges	32.45	1000.0	1.6796000000e+02	1.2907942132e-25	0.0000000000e+00	1.0000000000e+00	2.0084652687e+00	7.1534013323e+01	3.8400740375e+00
onshell_4b_r0p3	4b	0.3	baseline-plus-edges	32.45	1000.0	2.3011000000e+02	9.1947301036e-26	0.0000000000e+00	1.0000000000e+00	2.0084652687e+00	7.1534013323e+01	3.8402563423e+00
onshell_4b_r0p3	4b	0.3	baseline-plus-edges	32.45	1000.0	3.2648000000e+02	7.9091467935e-26	0.0000000000e+00	1.0000000000e+00	2.0084652687e+00	7.1534013323e+01	3.8401446949e+00
onshell_4b_r0p3	4b	0.3	baseline-plus-edges	32.45	1000.0	4.4729000000e+02	8.8108657829e-26	0.0000000000e+00	1.0000000000e+00	2.0084652687e+00	7.1534013323e+01	3.8401716157e+00
onshell_4b_r0p3	4b	0.3	baseline-plus-edges	32.45	1000.0	6.1279000000e+02	1.1986807677e-25	0.0000000000e+00	1.0000000000e+00	2.0084652687e+00	7.1534013323e+01	3.8401998310e+00
onshell_4b_r0p3	4b	0.3	baseline-plus-edges	32.45	1000.0	8.3954000000e+02	1.8225263578e-25	0.0000000000e+00	1.0000000000e+00	2.0084652687e+00	7.1534013323e+01	3.8400379486e+00
onshell_4b_r0p3	4b	0.3	baseline-plus-edges	32.45	1000.0	1.0000000000e+03	2.3793759387e-25	0.0000000000e+00	1.0000000000e+00	2.0084652687e+00	7.1534013323e+01	3.8400876660e+00
onshell_4b_r0p4	4b	0.4	baseline-plus-edges	24.41	1000.0	2.4410000000e+01	9.1739307022e-27	0.0000000000e+00	1.0000000000e+00	2.0084652687e+00	7.1534013323e+01	3.8400126565e+00
onshell_4b_r0p4	4b	0.4	baseline-plus-edges	24.41	1000.0	2.5350000000e+01	7.8380198598e-27	0.0000000000e+00	1.0000000000e+00	2.0084652687e+00	7.1534013323e+01	3.8403454140e+00
onshell_4b_r0p4	4b	0.4	baseline-plus-edges	24.41	1000.0	3.4320000000e+01	1.9671074737e-26	0.0000000000e+00	1.0000000000e+00	2.0084652687e+00	7.1534013323e+01	3.8400644770e+00
onshell_4b_r0p4	4b	0.4	baseline-plus-edges	24.41	1000.0	4.8270000000e+01	2.6888765420e-26	0.0000000000e+00	1.0000000000e+00	2.0084652687e+00	7.1534013323e+01	3.8402371738e+00
onshell_4b_r0p4	4b	0.4	baseline-plus-edges	24.41	1000.0	6.5360000000e+01	5.5253506216e-26	0.0000000000e+00	1.0000000000e+00	2.0084652687e+00	7.1534013323e+01	3.8402834088e+00
onshell_4b_r0p4	4b	0.4	baseline-plus-edges	24.41	1000.0	8.8500000000e+01	1.2589738113e-25	0.0000000000e+00	1.0000000000e+00	2.0084652687e+00	7.1534013323e+01	3.8403123940e+00
onshell_4b_r0p4	4b	0.4	baseline-plus-edges	24.41	1000.0	1.2446000000e+02	2.1715833032e-25	0.0000000000e+00	1.0000000000e+00	2.0084652687e+00	7.1534013323e+01	3.8400665416e+00
onshell_4b_r0p4	4b	0.4	baseline-plus-edges	24.41	1000.0	1.6853000000e+02	1.5982427553e-25	0.0000000000e+00	1.0000000000e+00	2.0084652687e+00	7.1534013323e+01	3.8401466918e+00
onshell_4b_r0p4	4b	0.4	baseline-plus-edges	24.41	1000.0	2.3700000000e+02	1.0511688046e-25	0.0000000000e+00	1.0000000000e+00	2.0084652687e+00	7.1534013323e+01	3.8402472742e+00
onshell_4b_r0p4	4b	0.4	baseline-plus-edges	24.41	1000.0	3.2091000000e+02	8.6982736813e-26	0.0000000000e+00	1.0000000000e+00	2.0084652687e+00	7.1534013323e+01	3.8401536187e+00
onshell_4b_r0p4	4b	0.4	baseline-plus-edges	24.41	1000.0	4.3453000000e+02	9.0749288301e-26	0.0000000000e+00	1.0000000000e+00	2.0084652687e+00	7.1534013323e+01	3.8401572146e+00
onshell_4b_r0p4	4b	0.4	baseline-plus-edges	24.41	1000.0	6.1108000000e+02	1.1843647908e-25	0.0000000000e+00	1.0000000000e+00	2.0084652687e+00	7.1534013323e+01	3.8401022597e+00
onshell_4b_r0p4	4b	0.4	baseline-plus-edges	24.41	1000.0	8.2743000000e+02	1.7837752106e-25	0.0000000000e+00	1.0000000000e+00	2.0084652687e+00	7.1534013323e+01	3.8402104664e+00
onshell_4b_r0p4	4b	0.4	baseline-plus-edges	24.41	1000.0	1.0000000000e+03	2.4185507386e-25	0.0000000000e+00	1.0000000000e+00	2.0084652687e+00	7.1534013323e+01	3.8400835215e+00
onshell_4b_r0p5	4b	0.5	baseline-plus-edges	19.57	1000.0	1.9570000000e+01	1.3258400660e-26	2.8433339709e-27	1.0000000000e+00	1.9080852154e+00	6.9506836008e+01	3.8403486980e+00
onshell_4b_r0p5	4b	0.5	baseline-plus-edges	19.57	1000.0	2.4900000000e+01	3.3056965976e-26	6.4543750294e-27	1.0000000000e+00	1.9111262404e+00	7.0075258488e+01	3.8404033935e+00
onshell_4b_r0p5	4b	0.5	baseline-plus-edges	19.57	1000.0	3.4330000000e+01	2.5488652040e-26	0.0000000000e+00	1.0000000000e+00	2.0084652687e+00	7.1534013323e+01	3.8402443709e+00
onshell_4b_r0p5	4b	0.5	baseline-plus-edges	19.57	1000.0	4.7330000000e+01	2.9659268339e-26	0.0000000000e+00	1.0000000000e+00	2.0084652687e+00	7.1534013323e+01	3.8401433577e+00
onshell_4b_r0p5	4b	0.5	baseline-plus-edges	19.57	1000.0	6.5250000000e+01	5.8580341447e-26	0.0000000000e+00	1.0000000000e+00	2.0084652687e+00	7.1534013323e+01	3.8401034880e+00
onshell_4b_r0p5	4b	0.5	baseline-plus-edges	19.57	1000.0	8.9960000000e+01	1.3739665733e-25	0.0000000000e+00	1.0000000000e+00	2.0084652687e+00	7.1534013323e+01	3.8400991470e+00
onshell_4b_r0p5	4b	0.5	baseline-plus-edges	19.57	1000.0	1.2402000000e+02	2.5279375769e-25	5.0256262733e-27	1.0000000000e+00	1.9760756965e+00	7.1523909351e+01	3.8402125438e+00
onshell_4b_r0p5	4b	0.5	baseline-plus-edges	19.57	1000.0	1.7099000000e+02	2.0538103386e-25	0.0000000000e+00	1.0000000000e+00	2.0084652687e+00	7.1534013323e+01	3.8401455093e+00
onshell_4b_r0p5	4b	0.5	baseline-plus-edges	19.57	1000.0	2.3573000000e+02	1.2506922070e-25	0.0000000000e+00	1.0000000000e+00	2.0084652687e+00	7.1534013323e+01	3.8400369959e+00
onshell_4b_r0p5	4b	0.5	baseline-plus-edges	19.57	1000.0	3.2500000000e+02	9.4735033974e-26	0.0000000000e+00	1.0000000000e+00	2.0084652687e+00	7.1534013323e+01	3.8401390061e+00
onshell_4b_r0p5	4b	0.5	baseline-plus-edges	19.57	1000.0	4.4807000000e+02	9.0251553075e-26	0.0000000000e+00	1.0000000000e+00	2.0084652687e+00	7.1534013323e+01	3.8402362987e+00
onshell_4b_r0p5	4b	0.5	baseline-plus-edges	19.57	1000.0	6.1774000000e+02	1.1944285363e-25	0.0000000000e+00	1.0000000000e+00	2.0084652687e+00	7.1534013323e+01	3.8402051051e+00
onshell_4b_r0p5	4b	0.5	baseline-plus-edges	19.57	1000.0	8.5167000000e+02	1.8588135441e-25	0.0000000000e+00	1.0000000000e+00	2.0084652687e+00	7.1534013323e+01	3.8402013631e+00
onshell_4b_r0p5	4b	0.5	baseline-plus-edges	19.57	1000.0	1.0000000000e+03	2.4020315640e-25	0.0000000000e+00	1.0000000000e+00	2.0084652687e+00	7.1534013323e+01	3.8401407576e+00
onshell_4b_r0p6	4b	0.6	baseline-plus-edges	15.67	1000.0	1.5670000000e+01	2.7303050014e-25	7.7141323050e-26	1.0000000000e+00	1.9527179672e+00	6.5467352299e+01	3.8403623733e+00
onshell_4b_r0p6	4b	0.6	baseline-plus-edges	15.67	1000.0	2.4860000000e+01	4.3133800263e-26	8.6625203183e-27	1.0000000000e+00	1.9078598254e+00	6.9932096382e+01	3.8403087107e+00
onshell_4b_r0p6	4b	0.6	baseline-plus-edges	15.67	1000.0	3.4790000000e+01	3.1090550734e-26	0.0000000000e+00	1.0000000000e+00	2.0084652687e+00	7.1534013323e+01	3.8403497951e+00
onshell_4b_r0p6	4b	0.6	baseline-plus-edges	15.67	1000.0	4.6670000000e+01	3.2291706241e-26	0.0000000000e+00	1.0000000000e+00	2.0084652687e+00	7.1534013323e+01	3.8400517078e+00
onshell_4b_r0p6	4b	0.6	baseline-plus-edges	15.67	1000.0	6.5300000000e+01	5.5878812734e-26	0.0000000000e+00	1.0000000000e+00	2.0084652687e+00	7.1534013323e+01	3.8400895612e+00
onshell_4b_r0p6	4b	0.6	baseline-plus-edges	15.67	1000.0	9.1360000000e+01	1.3170514908e-25	0.0000000000e+00	1.0000000000e+00	2.0084652687e+00	7.1534013323e+01	3.8403077768e+00
onshell_4b_r0p6	4b	0.6	baseline-plus-edges	15.67	1000.0	1.2257000000e+02	2.6129084487e-25	9.2962877688e-27	1.0000000000e+00	1.9510358928e+00	7.1500087055e+01	3.8401725450e+00
onshell_4b_r0p6	4b	0.6	baseline-plus-edges	15.67	1000.0	1.7149000000e+02	2.6061694517e-25	0.0000000000e+00	1.0000000000e+00	2.0084652687e+00	7.1534013323e+01	3.8402423597e+00
onshell_4b_r0p6	4b	0.6	baseline-plus-edges	15.67	1000.0	2.3007000000e+02	1.5774187055e-25	0.0000000000e+00	1.0000000000e+00	2.0084652687e+00	7.1534013323e+01	3.8400365193e+00
onshell_4b_r0p6	4b	0.6	baseline-plus-edges	15.67	1000.0	3.2190000000e+02	9.4566851924e-26	0.0000000000e+00	1.0000000000e+00	2.0084652687e+00	7.1534013323e+01	3.8400785267e+00
onshell_4b_r0p6	4b	0.6	baseline-plus-edges	15.67	1000.0	4.5038000000e+02	8.7655067651e-26	0.0000000000e+00	1.0000000000e+00	2.0084652687e+00	7.1534013323e+01	3.8402204534e+00
onshell_4b_r0p6	4b	0.6	baseline-plus-edges	15.67	1000.0	6.0424000000e+02	1.1587901823e-25	0.0000000000e+00	1.0000000000e+00	2.0084652687e+00	7.1534013323e+01	3.8400503523e+00
onshell_4b_r0p6	4b	0.6	baseline-plus-edges	15.67	1000.0	8.4541000000e+02	1.8451804921e-25	0.0000000000e+00	1.0000000000e+00	2.0084652687e+00	7.1534013323e+01	3.8402171516e+00
onshell_4b_r0p6	4b	0.6	baseline-plus-edges	15.67	1000.0	1.0000000000e+03	2.4109908951e-25	0.0000000000e+00	1.0000000000e+00	2.0084652687e+00	7.1534013323e+01	3.8400604674e+00
onshell_4b_r0p7	4b	0.7	baseline-plus-edges	14.03	1000.0	1.4030000000e+01	3.3583571330e-26	9.6248249638e-27	1.0000000000e+00	1.9619957132e+00	6.5228450207e+01	3.8403694860e+00
onshell_4b_r0p7	4b	0.7	baseline-plus-edges	14.03	1000.0	2.4700000000e+01	4.3671511198e-26	9.7924554521e-27	1.0000000000e+00	1.9022146548e+00	6.9156087064e+01	3.8402788823e+00
onshell_4b_r0p7	4b	0.7	baseline-plus-edges	14.03	1000.0	3.5000000000e+01	3.7895945622e-26	2.2892025694e-27	1.0000000000e+00	1.9757340880e+00	7.1468470270e+01	3.8403153556e+00
onshell_4b_r0p7	4b	0.7	baseline-plus-edges	14.03	1000.0	4.7470000000e+01	3.4911745763e-26	0.0000000000e+00	1.0000000000e+00	2.0084652687e+00	7.1534013323e+01	3.8403077575e+00
onshell_4b_r0p7	4b	0.7	baseline-plus-edges	14.03	1000.0	6.4380000000e+01	5.0398318029e-26	0.0000000000e+00	1.0000000000e+00	2.0084652687e+00	7.1534013323e+01	3.8402292159e+00
onshell_4b_r0p7	4b	0.7	baseline-plus-edges	14.03	1000.0	9.1200000000e+01	1.1742864745e-25	0.0000000000e+00	1.0000000000e+00	2.0084652687e+00	7.1534013323e+01	3.8402911855e+00
onshell_4b_r0p7	4b	0.7	baseline-plus-edges	14.03	1000.0	1.2370000000e+02	2.6948253493e-25	1.3128384700e-26	1.0000000000e+00	1.9318941631e+00	7.1468316809e+01	3.8402415804e+00
onshell_4b_r0p7	4b	0.7	baseline-plus-edges	14.03	1000.0	1.6778000000e+02	3.2346957967e-25	3.1315440599e-27	1.0000000000e+00	1.9911491863e+00	7.1531583231e+01	3.8403192794e+00
onshell_4b_r0p7	4b	0.7	baseline-plus-edges	14.03	1000.0	2.3769000000e+02	1.7769962734e-25	0.0000000000e+00	1.0000000000e+00	2.0084652687e+00	7.1534013323e+01	3.8402177169e+00
onshell_4b_r0p7	4b	0.7	baseline-plus-edges	14.03	1000.0	3.2238000000e+02	8.7388471563e-26	0.0000000000e+00	1.0000000000e+00	2.0084652687e+00	7.1534013323e+01	3.8401892399e+00
onshell_4b_r0p7	4b	0.7	baseline-plus-edges	14.03	1000.0	4.3725000000e+02	8.6784247851e-26	0.0000000000e+00	1.0000000000e+00	2.0084652687e+00	7.1534013323e+01	3.8401296785e+00
onshell_4b_r0p7	4b	0.7	baseline-plus-edges	14.03	1000.0	6.1945000000e+02	1.2027445851e-25	0.0000000000e+00	1.0000000000e+00	2.0084652687e+00	7.1534013323e+01	3.8400545640e+00
onshell_4b_r0p7	4b	0.7	baseline-plus-edges	14.03	1000.0	8.4017000000e+02	1.8254586826e-25	0.0000000000e+00	1.0000000000e+00	2.0084652687e+00	7.1534013323e+01	3.8402494576e+00
onshell_4b_r0p7	4b	0.7	baseline-plus-edges	14.03	1000.0	1.0000000000e+03	2.4275716844e-25	0.0000000000e+00	1.0000000000e+00	2.0084652687e+00	7.1534013323e+01	3.8400556605e+00
onshell_4b_r0p8	4b	0.8	baseline-plus-edges	12.29	1000.0	1.2290000000e+01	1.0579352829e-25	2.9845137020e-26	1.0000000000e+00	1.9837455900e+00	6.6084632558e+01	3.8403743539e+00
onshell_4b_r0p8	4b	0.8	baseline-plus-edges	12.29	1000.0	2.5200000000e+01	4.4204853655e-26	1.0574462582e-26	1.0000000000e+00	1.9012579440e+00	6.8488813883e+01	3.8403232781e+00
onshell_4b_r0p8	4b	0.8	baseline-plus-edges	12.29	1000.0	3.4510000000e+01	4.3020932654e-26	5.6164180054e-27	1.0000000000e+00	1.9371291652e+00	7.1097900343e+01	3.8402279336e+00
onshell_4b_r0p8	4b	0.8	baseline-plus-edges	12.29	1000.0	4.7250000000e+01	3.6457420799e-26	0.0000000000e+00	1.0000000000e+00	2.0084652687e+00	7.1534013323e+01	3.8400902306e+00
onshell_4b_r0p8	4b	0.8	baseline-plus-edges	12.29	1000.0	6.4690000000e+01	4.5903684633e-26	0.0000000000e+00	1.0000000000e+00	2.0084652687e+00	7.1534013323e+01	3.8401344481e+00
onshell_4b_r0p8	4b	0.8	baseline-plus-edges	12.29	1000.0	8.8570000000e+01	9.6131964197e-26	0.0000000000e+00	1.0000000000e+00	2.0084652687e+00	7.1534013323e+01	3.8400303853e+00
onshell_4b_r0p8	4b	0.8	baseline-plus-edges	12.29	1000.0	1.2127000000e+02	2.5510846969e-25	1.2671626985e-26	1.0000000000e+00	1.9341225166e+00	7.1467704577e+01	3.8401636583e+00
onshell_4b_r0p8	4b	0.8	baseline-plus-edges	12.29	1000.0	1.7366000000e+02	3.7785900789e-25	1.7885120960e-26	1.0000000000e+00	1.9230994943e+00	7.1467414145e+01	3.8402025044e+00
onshell_4b_r0p8	4b	0.8	baseline-plus-edges	12.29	1000.0	2.3778000000e+02	1.4547228963e-25	0.0000000000e+00	1.0000000000e+00	2.0084652687e+00	7.1534013323e+01	3.8400668947e+00
onshell_4b_r0p8	4b	0.8	baseline-plus-edges	12.29	1000.0	3.2556000000e+02	8.5639012774e-26	0.0000000000e+00	1.0000000000e+00	2.0084652687e+00	7.1534013323e+01	3.8401112259e+00
onshell_4b_r0p8	4b	0.8	baseline-plus-edges	12.29	1000.0	4.4576000000e+02	8.7514262968e-26	0.0000000000e+00	1.0000000000e+00	2.0084652687e+00	7.1534013323e+01	3.8400444282e+00
onshell_4b_r0p8	4b	0.8	baseline-plus-edges	12.29	1000.0	6.1032000000e+02	1.1834632235e-25	0.0000000000e+00	1.0000000000e+00	2.0084652687e+00	7.1534013323e+01	3.8402126631e+00
onshell_4b_r0p8	4b	0.8	baseline-plus-edges	12.29	1000.0	8.3564000000e+02	1.8156001533e-25	0.0000000000e+00	1.0000000000e+00	2.0084652687e+00	7.1534013323e+01	3.8402232326e+00
onshell_4b_r0p8	4b	0.8	baseline-plus-edges	12.29	1000.0	1.0000000000e+03	2.4255185194e-25	0.0000000000e+00	1.0000000000e+00	2.0084652687e+00	7.1534013323e+01	3.8401064363e+00
onshell_4b_r0p9	4b	0.9	baseline-plus-edges	10.94	1000.0	1.0940000000e+01	3.0429323345e-25	8.3120133141e-26	1.0000000000e+00	1.9928208837e+00	6.7146903645e+01	3.8405718913e+00
onshell_4b_r0p9	4b	0.9	baseline-plus-edges	10.94	1000.0	2.5070000000e+01	4.4771382886e-26	1.1322039711e-26	1.0000000000e+00	1.9054960356e+00	6.7725179490e+01	3.8400932027e+00
onshell_4b_r0p9	4b	0.9	baseline-plus-edges	10.94	1000.0	3.4610000000e+01	4.5710603627e-26	7.4293487807e-27	1.0000000000e+00	1.9226968557e+00	7.0721230715e+01	3.8401185668e+00
onshell_4b_r0p9	4b	0.9	baseline-plus-edges	10.94	1000.0	4.7780000000e+01	3.6857534567e-26	0.0000000000e+00	1.0000000000e+00	2.0084652687e+00	7.1534013323e+01	3.8400643627e+00
onshell_4b_r0p9	4b	0.9	baseline-plus-edges	10.94	1000.0	6.5970000000e+01	4.3252830051e-26	0.0000000000e+00	1.0000000000e+00	2.0084652687e+00	7.1534013323e+01	3.8401943811e+00
onshell_4b_r0p9	4b	0.9	baseline-plus-edges	10.94	1000.0	9.1080000000e+01	9.1118607772e-26	0.0000000000e+00	1.0000000000e+00	2.0084652687e+00	7.1534013323e+01	3.8402801191e+00
onshell_4b_r0p9	4b	0.9	baseline-plus-edges	10.94	1000.0	1.2575000000e+02	2.6771894513e-25	1.6767865940e-26	1.0000000000e+00	1.9176007484e+00	7.1424095179e+01	3.8402472422e+00
onshell_4b_r0p9	4b	0.9	baseline-plus-edges	10.94	1000.0	1.7361000000e+02	4.2161728247e-25	3.5385420638e-26	1.0000000000e+00	1.8588330744e+00	7.1300160049e+01	3.8405356232e+00
onshell_4b_r0p9	4b	0.9	baseline-plus-edges	10.94	1000.0	2.2890000000e+02	1.5374914111e-25	0.0000000000e+00	1.0000000000e+00	2.0084652687e+00	7.1534013323e+01	3.8400497997e+00
onshell_4b_r0p9	4b	0.9	baseline-plus-edges	10.94	1000.0	3.1602000000e+02	8.6534942964e-26	0.0000000000e+00	1.0000000000e+00	2.0084652687e+00	7.1534013323e+01	3.8400752074e+00
onshell_4b_r0p9	4b	0.9	baseline-plus-edges	10.94	1000.0	4.3631000000e+02	8.6425183313e-26	0.0000000000e+00	1.0000000000e+00	2.0084652687e+00	7.1534013323e+01	3.8400376400e+00
onshell_4b_r0p9	4b	0.9	baseline-plus-edges	10.94	1000.0	6.0239000000e+02	1.1583000442e-25	0.0000000000e+00	1.0000000000e+00	2.0084652687e+00	7.1534013323e+01	3.8401727850e+00
onshell_4b_r0p9	4b	0.9	baseline-plus-edges	10.94	1000.0	8.3168000000e+02	1.8006073635e-25	0.0000000000e+00	1.0000000000e+00	2.0084652687e+00	7.1534013323e+01	3.8400053255e+00
onshell_4b_r0p9	4b	0.9	baseline-plus-edges	10.94	1000.0	1.0000000000e+03	2.4261342865e-25	0.0000000000e+00	1.0000000000e+00	2.0084652687e+00	7.1534013323e+01	3.8402208064e+00
onshell_4b_r1p0	4b	1.0	baseline-plus-edges	9.4	1000.0	9.4000000000e+00	3.4712725231e-26	9.3352984304e-27	1.0000000000e+00	2.0130893036e+00	6.7654564801e+01	3.8401180828e+00
onshell_4b_r1p0	4b	1.0	baseline-plus-edges	9.4	1000.0	2.5300000000e+01	4.4672286574e-26	1.1851882125e-26	1.0000000000e+00	1.9179323056e+00	6.6844142849e+01	3.8403339154e+00
onshell_4b_r1p0	4b	1.0	baseline-plus-edges	9.4	1000.0	3.5190000000e+01	4.7834363863e-26	8.9740305711e-27	1.0000000000e+00	1.9145545193e+00	7.0260560723e+01	3.8402804768e+00
onshell_4b_r1p0	4b	1.0	baseline-plus-edges	9.4	1000.0	4.6690000000e+01	3.4941298032e-26	0.0000000000e+00	1.0000000000e+00	2.0084652687e+00	7.1534013323e+01	3.8402727061e+00
onshell_4b_r1p0	4b	1.0	baseline-plus-edges	9.4	1000.0	6.4940000000e+01	3.5333740530e-26	0.0000000000e+00	1.0000000000e+00	2.0084652687e+00	7.1534013323e+01	3.8400786601e+00
onshell_4b_r1p0	4b	1.0	baseline-plus-edges	9.4	1000.0	9.0330000000e+01	7.7619678723e-26	0.0000000000e+00	1.0000000000e+00	2.0084652687e+00	7.1534013323e+01	3.8402538143e+00
onshell_4b_r1p0	4b	1.0	baseline-plus-edges	9.4	1000.0	1.2565000000e+02	2.5865461437e-25	1.8998232193e-26	1.0000000000e+00	1.9100655429e+00	7.1382191670e+01	3.8401362369e+00
onshell_4b_r1p0	4b	1.0	baseline-plus-edges	9.4	1000.0	1.6673000000e+02	4.3213883542e-25	4.9571867726e-26	1.0000000000e+00	1.8130859891e+00	7.1062667449e+01	3.8406132408e+00
onshell_4b_r1p0	4b	1.0	baseline-plus-edges	9.4	1000.0	2.3191000000e+02	1.5102857271e-25	0.0000000000e+00	1.0000000000e+00	2.0084652687e+00	7.1534013323e+01	3.8402341284e+00
onshell_4b_r1p0	4b	1.0	baseline-plus-edges	9.4	1000.0	3.2258000000e+02	8.5849409078e-26	0.0000000000e+00	1.0000000000e+00	2.0084652687e+00	7.1534013323e+01	3.8400686842e+00
onshell_4b_r1p0	4b	1.0	baseline-plus-edges	9.4	1000.0	4.4870000000e+02	8.8257886276e-26	0.0000000000e+00	1.0000000000e+00	2.0084652687e+00	7.1534013323e+01	3.8401279283e+00
onshell_4b_r1p0	4b	1.0	baseline-plus-edges	9.4	1000.0	5.9538000000e+02	1.1494156653e-25	0.0000000000e+00	1.0000000000e+00	2.0084652687e+00	7.1534013323e+01	3.8400102225e+00
onshell_4b_r1p0	4b	1.0	baseline-plus-edges	9.4	1000.0	8.2814000000e+02	1.7839261471e-25	0.0000000000e+00	1.0000000000e+00	2.0084652687e+00	7.1534013323e+01	3.8400039503e+00
onshell_4b_r1p0	4b	1.0	baseline-plus-edges	9.4	1000.0	1.0000000000e+03	2.4063034477e-25	0.0000000000e+00	1.0000000000e+00	2.0084652687e+00	7.1534013323e+01	3.8401904945e+00
onshell_4tau_r0p1	4tau	0.1	baseline-plus-edges	97.7	1000.0	9.7700000000e+01	2.5384825366e-20	5.1803434515e-21	1.0000000000e+00	1.9511511347e+00	6.9777192737e+01	3.8403095309e+00
onshell_4tau_r0p1	4tau	0.1	baseline-plus-edges	97.7	1000.0	1.4641000000e+02	1.8025872585e-21	5.5812532347e-23	1.0000000000e+00	1.9925993762e+00	7.1518323225e+01	3.8401152555e+00
onshell_4tau_r0p1	4tau	0.1	baseline-plus-edges	97.7	1000.0	1.7328000000e+02	1.7190320469e-21	0.0000000000e+00	1.0000000000e+00	2.0084652687e+00	7.1534013323e+01	3.8401571202e+00
onshell_4tau_r0p1	4tau	0.1	baseline-plus-edges	97.7	1000.0	2.4275000000e+02	3.3663867528e-21	0.0000000000e+00	1.0000000000e+00	2.0084652687e+00	7.1534013323e+01	3.8402621089e+00
onshell_4tau_r0p1	4tau	0.1	baseline-plus-edges	97.7	1000.0	3.1788000000e+02	1.6371220376e-21	0.0000000000e+00	1.0000000000e+00	2.0084652687e+00	7.1534013323e+01	3.8400220315e+00
onshell_4tau_r0p1	4tau	0.1	baseline-plus-edges	97.7	1000.0	4.4531000000e+02	1.7415782175e-21	0.0000000000e+00	1.0000000000e+00	2.0084652687e+00	7.1534013323e+01	3.8401279739e+00
onshell_4tau_r0p1	4tau	0.1	baseline-plus-edges	97.7	1000.0	6.0313000000e+02	1.2748451558e-21	0.0000000000e+00	1.0000000000e+00	2.0084652687e+00	7.1534013323e+01	3.8402328395e+00
onshell_4tau_r0p1	4tau	0.1	baseline-plus-edges	97.7	1000.0	8.4490000000e+02	3.6493917068e-21	0.0000000000e+00	1.0000000000e+00	2.0084652687e+00	7.1534013323e+01	3.8401842483e+00
onshell_4tau_r0p1	4tau	0.1	baseline-plus-edges	97.7	1000.0	1.0000000000e+03	4.4049950125e-21	0.0000000000e+00	1.0000000000e+00	2.0084652687e+00	7.1534013323e+01	3.8402092980e+00
onshell_4tau_r0p2	4tau	0.2	baseline-plus-edges	70.93	1000.0	7.0930000000e+01	6.8719488747e-20	9.8543964623e-21	1.0000000000e+00	1.9990182031e+00	7.1054077407e+01	3.8403311757e+00
onshell_4tau_r0p2	4tau	0.2	baseline-plus-edges	70.93	1000.0	9.0550000000e+01	7.4903721698e-21	1.4154186256e-21	1.0000000000e+00	2.0596252516e+00	7.0552638839e+01	3.8400352130e+00
onshell_4tau_r0p2	4tau	0.2	baseline-plus-edges	70.93	1000.0	1.2541000000e+02	7.1060324232e-21	9.9662379966e-22	1.0000000000e+00	1.9745484350e+00	7.1043374046e+01	3.8403159276e+00
onshell_4tau_r0p2	4tau	0.2	baseline-plus-edges	70.93	1000.0	1.6676000000e+02	8.4673944028e-22	0.0000000000e+00	1.0000000000e+00	2.0084652687e+00	7.1534013323e+01	3.8401309025e+00
onshell_4tau_r0p2	4tau	0.2	baseline-plus-edges	70.93	1000.0	2.3095000000e+02	9.4495346555e-22	0.0000000000e+00	1.0000000000e+00	2.0084652687e+00	7.1534013323e+01	3.8401385211e+00
onshell_4tau_r0p2	4tau	0.2	baseline-plus-edges	70.93	1000.0	3.1986000000e+02	8.8280741906e-22	0.0000000000e+00	1.0000000000e+00	2.0084652687e+00	7.1534013323e+01	3.8401791076e+00
onshell_4tau_r0p2	4tau	0.2	baseline-plus-edges	70.93	1000.0	4.4300000000e+02	1.7714508055e-21	0.0000000000e+00	1.0000000000e+00	2.0084652687e+00	7.1534013323e+01	3.8401932510e+00
onshell_4tau_r0p2	4tau	0.2	baseline-plus-edges	70.93	1000.0	6.1354000000e+02	2.2729257275e-21	0.0000000000e+00	1.0000000000e+00	2.0084652687e+00	7.1534013323e+01	3.8402675087e+00
onshell_4tau_r0p2	4tau	0.2	baseline-plus-edges	70.93	1000.0	8.4973000000e+02	3.0162451004e-21	0.0000000000e+00	1.0000000000e+00	2.0084652687e+00	7.1534013323e+01	3.8400486038e+00
onshell_4tau_r0p2	4tau	0.2	baseline-plus-edges	70.93	1000.0	1.0000000000e+03	5.3536115239e-21	0.0000000000e+00	1.0000000000e+00	2.0084652687e+00	7.1534013323e+01	3.8400955211e+00
onshell_4tau_r0p3	4tau	0.3	baseline-plus-edges	33.2	1000.0	3.3200000000e+01	1.7686160646e+03	8.3003702466e+00	1.0000000000e+00	3.7166903050e+00	6.9273434316e+01	3.8408392530e+00
onshell_4tau_r0p3	4tau	0.3	baseline-plus-edges	33.2	1000.0	4.9690000000e+01	5.9949973279e-21	1.2982838042e-21	1.0000000000e+00	1.9409666876e+00	6.9592157099e+01	3.8403268385e+00
onshell_4tau_r0p3	4tau	0.3	baseline-plus-edges	33.2	1000.0	6.5020000000e+01	1.7877128149e-21	0.0000000000e+00	1.0000000000e+00	2.0084652687e+00	7.1534013323e+01	3.8400962198e+00
onshell_4tau_r0p3	4tau	0.3	baseline-plus-edges	33.2	1000.0	8.8970000000e+01	4.0837299204e-21	0.0000000000e+00	1.0000000000e+00	2.0084652687e+00	7.1534013323e+01	3.8400552713e+00
onshell_4tau_r0p3	4tau	0.3	baseline-plus-edges	33.2	1000.0	1.2174000000e+02	8.8295682512e-22	0.0000000000e+00	1.0000000000e+00	2.0084652687e+00	7.1534013323e+01	3.8402927299e+00
onshell_4tau_r0p3	4tau	0.3	baseline-plus-edges	33.2	1000.0	1.6659000000e+02	4.9301948050e-22	0.0000000000e+00	1.0000000000e+00	2.0084652687e+00	7.1534013323e+01	3.8401431811e+00
onshell_4tau_r0p3	4tau	0.3	baseline-plus-edges	33.2	1000.0	2.3841000000e+02	2.5292775271e-21	0.0000000000e+00	1.0000000000e+00	2.0084652687e+00	7.1534013323e+01	3.8400144602e+00
onshell_4tau_r0p3	4tau	0.3	baseline-plus-edges	33.2	1000.0	3.2624000000e+02	2.2839143517e-21	0.0000000000e+00	1.0000000000e+00	2.0084652687e+00	7.1534013323e+01	3.8400530658e+00
onshell_4tau_r0p3	4tau	0.3	baseline-plus-edges	33.2	1000.0	4.4642000000e+02	4.4113357860e-21	0.0000000000e+00	1.0000000000e+00	2.0084652687e+00	7.1534013323e+01	3.8400405800e+00
onshell_4tau_r0p3	4tau	0.3	baseline-plus-edges	33.2	1000.0	6.1088000000e+02	1.9853042409e-21	0.0000000000e+00	1.0000000000e+00	2.0084652687e+00	7.1534013323e+01	3.8402256612e+00
onshell_4tau_r0p3	4tau	0.3	baseline-plus-edges	33.2	1000.0	8.3592000000e+02	3.8930954841e-21	0.0000000000e+00	1.0000000000e+00	2.0084652687e+00	7.1534013323e+01	3.8402214635e+00
onshell_4tau_r0p3	4tau	0.3	baseline-plus-edges	33.2	1000.0	1.0000000000e+03	7.6866929590e-21	0.0000000000e+00	1.0000000000e+00	2.0084652687e+00	7.1534013323e+01	3.8402832108e+00
onshell_4tau_r0p4	4tau	0.4	baseline-plus-edges	30.72	1000.0	3.0720000000e+01	3.0387272211e-20	0.0000000000e+00	1.0000000000e+00	2.0084652687e+00	7.1534013323e+01	3.8400953514e+00
onshell_4tau_r0p4	4tau	0.4	baseline-plus-edges	30.72	1000.0	3.3790000000e+01	3.9381533545e-21	0.0000000000e+00	1.0000000000e+00	2.0084652687e+00	7.1534013323e+01	3.8401246026e+00
onshell_4tau_r0p4	4tau	0.4	baseline-plus-edges	30.72	1000.0	4.7190000000e+01	1.1636104509e-21	0.0000000000e+00	1.0000000000e+00	2.0084652687e+00	7.1534013323e+01	3.8403312951e+00
onshell_4tau_r0p4	4tau	0.4	baseline-plus-edges	30.72	1000.0	6.5910000000e+01	1.0138936774e-22	0.0000000000e+00	1.0000000000e+00	2.0084652687e+00	7.1534013323e+01	3.8400753894e+00
onshell_4tau_r0p4	4tau	0.4	baseline-plus-edges	30.72	1000.0	8.7750000000e+01	1.8830807252e-22	0.0000000000e+00	1.0000000000e+00	2.0084652687e+00	7.1534013323e+01	3.8400136756e+00
onshell_4tau_r0p4	4tau	0.4	baseline-plus-edges	30.72	1000.0	1.2254000000e+02	2.0356547863e-21	0.0000000000e+00	1.0000000000e+00	2.0084652687e+00	7.1534013323e+01	3.8401926683e+00
onshell_4tau_r0p4	4tau	0.4	baseline-plus-edges	30.72	1000.0	1.7113000000e+02	1.3606690106e-21	0.0000000000e+00	1.0000000000e+00	2.0084652687e+00	7.1534013323e+01	3.8402891607e+00
onshell_4tau_r0p4	4tau	0.4	baseline-plus-edges	30.72	1000.0	2.3899000000e+02	8.2866567279e-22	0.0000000000e+00	1.0000000000e+00	2.0084652687e+00	7.1534013323e+01	3.8400113313e+00
onshell_4tau_r0p4	4tau	0.4	baseline-plus-edges	30.72	1000.0	3.1820000000e+02	2.2455899110e-21	0.0000000000e+00	1.0000000000e+00	2.0084652687e+00	7.1534013323e+01	3.8400253610e+00
onshell_4tau_r0p4	4tau	0.4	baseline-plus-edges	30.72	1000.0	4.4437000000e+02	1.4897326771e-21	0.0000000000e+00	1.0000000000e+00	2.0084652687e+00	7.1534013323e+01	3.8401933172e+00
onshell_4tau_r0p4	4tau	0.4	baseline-plus-edges	30.72	1000.0	6.2057000000e+02	2.9822397515e-21	0.0000000000e+00	1.0000000000e+00	2.0084652687e+00	7.1534013323e+01	3.8401734254e+00
onshell_4tau_r0p4	4tau	0.4	baseline-plus-edges	30.72	1000.0	8.2626000000e+02	9.2539110863e-21	0.0000000000e+00	1.0000000000e+00	2.0084652687e+00	7.1534013323e+01	3.8401131170e+00
onshell_4tau_r0p4	4tau	0.4	baseline-plus-edges	30.72	1000.0	1.0000000000e+03	6.9169755759e-21	0.0000000000e+00	1.0000000000e+00	2.0084652687e+00	7.1534013323e+01	3.8402165717e+00
onshell_4tau_r0p5	4tau	0.5	baseline-plus-edges	26.06	1000.0	2.6060000000e+01	3.6704659266e-21	3.7706421777e-22	1.0000000000e+00	2.0037421340e+00	7.1355249823e+01	3.8402001524e+00
onshell_4tau_r0p5	4tau	0.5	baseline-plus-edges	26.06	1000.0	3.5170000000e+01	6.0025694862e-22	0.0000000000e+00	1.0000000000e+00	2.0084652687e+00	7.1534013323e+01	3.8402645808e+00
onshell_4tau_r0p5	4tau	0.5	baseline-plus-edges	26.06	1000.0	4.7460000000e+01	1.5842630066e-20	5.6080253813e-22	1.0000000000e+00	2.0126537922e+00	7.1522443157e+01	3.8401064400e+00
onshell_4tau_r0p5	4tau	0.5	baseline-plus-edges	26.06	1000.0	6.4050000000e+01	1.8129996756e-21	0.0000000000e+00	1.0000000000e+00	2.0084652687e+00	7.1534013323e+01	3.8401331727e+00
onshell_4tau_r0p5	4tau	0.5	baseline-plus-edges	26.06	1000.0	9.0870000000e+01	6.0715282161e-22	0.0000000000e+00	1.0000000000e+00	2.0084652687e+00	7.1534013323e+01	3.8400230178e+00
onshell_4tau_r0p5	4tau	0.5	baseline-plus-edges	26.06	1000.0	1.2264000000e+02	3.8532971154e-21	4.1537041985e-22	1.0000000000e+00	1.8699474836e+00	7.1166865843e+01	3.8403333590e+00
onshell_4tau_r0p5	4tau	0.5	baseline-plus-edges	26.06	1000.0	1.7399000000e+02	9.6990331658e-22	0.0000000000e+00	1.0000000000e+00	2.0084652687e+00	7.1534013323e+01	3.8400937685e+00
onshell_4tau_r0p5	4tau	0.5	baseline-plus-edges	26.06	1000.0	2.3481000000e+02	9.8545511404e-22	0.0000000000e+00	1.0000000000e+00	2.0084652687e+00	7.1534013323e+01	3.8400434486e+00
onshell_4tau_r0p5	4tau	0.5	baseline-plus-edges	26.06	1000.0	3.1689000000e+02	9.6891902279e-22	0.0000000000e+00	1.0000000000e+00	2.0084652687e+00	7.1534013323e+01	3.8402356274e+00
onshell_4tau_r0p5	4tau	0.5	baseline-plus-edges	26.06	1000.0	4.4958000000e+02	1.7334922676e-21	0.0000000000e+00	1.0000000000e+00	2.0084652687e+00	7.1534013323e+01	3.8400666847e+00
onshell_4tau_r0p5	4tau	0.5	baseline-plus-edges	26.06	1000.0	6.0674000000e+02	1.7846901093e-21	0.0000000000e+00	1.0000000000e+00	2.0084652687e+00	7.1534013323e+01	3.8402354633e+00
onshell_4tau_r0p5	4tau	0.5	baseline-plus-edges	26.06	1000.0	8.1885000000e+02	3.2870128683e-21	0.0000000000e+00	1.0000000000e+00	2.0084652687e+00	7.1534013323e+01	3.8401843828e+00
onshell_4tau_r0p5	4tau	0.5	baseline-plus-edges	26.06	1000.0	1.0000000000e+03	3.6067220257e-21	0.0000000000e+00	1.0000000000e+00	2.0084652687e+00	7.1534013323e+01	3.8401601079e+00
onshell_4tau_r0p6	4tau	0.6	baseline-plus-edges	16.69	1000.0	1.6690000000e+01	1.0559807685e+05	3.6801644301e-10	1.0000000000e+00	2.0252631188e+00	7.0612623286e+01	3.8402307425e+00
onshell_4tau_r0p6	4tau	0.6	baseline-plus-edges	16.69	1000.0	2.5270000000e+01	2.7270450393e-20	7.8596595284e-21	1.0000000000e+00	1.9812825035e+00	6.4635108807e+01	3.8405587346e+00
onshell_4tau_r0p6	4tau	0.6	baseline-plus-edges	16.69	1000.0	3.4480000000e+01	2.6921501965e-21	6.3726375532e-22	1.0000000000e+00	1.9524432556e+00	6.8525991612e+01	3.8400554203e+00
onshell_4tau_r0p6	4tau	0.6	baseline-plus-edges	16.69	1000.0	4.7050000000e+01	8.2196183580e-22	0.0000000000e+00	1.0000000000e+00	2.0084652687e+00	7.1534013323e+01	3.8401354482e+00
onshell_4tau_r0p6	4tau	0.6	baseline-plus-edges	16.69	1000.0	6.4200000000e+01	4.3315310957e-22	0.0000000000e+00	1.0000000000e+00	2.0084652687e+00	7.1534013323e+01	3.8400419000e+00
onshell_4tau_r0p6	4tau	0.6	baseline-plus-edges	16.69	1000.0	8.7610000000e+01	6.8739380031e-22	0.0000000000e+00	1.0000000000e+00	2.0084652687e+00	7.1534013323e+01	3.8402641204e+00
onshell_4tau_r0p6	4tau	0.6	baseline-plus-edges	16.69	1000.0	1.2590000000e+02	2.9037964365e-21	3.1739180963e-22	1.0000000000e+00	1.9219052304e+00	7.1211567922e+01	3.8400092234e+00
onshell_4tau_r0p6	4tau	0.6	baseline-plus-edges	16.69	1000.0	1.7180000000e+02	3.8225520584e-21	5.2082289062e-22	1.0000000000e+00	1.9016826088e+00	7.0961499365e+01	3.8400534923e+00
onshell_4tau_r0p6	4tau	0.6	baseline-plus-edges	16.69	1000.0	2.3443000000e+02	2.1028820394e-21	0.0000000000e+00	1.0000000000e+00	2.0084652687e+00	7.1534013323e+01	3.8400206836e+00
onshell_4tau_r0p6	4tau	0.6	baseline-plus-edges	16.69	1000.0	3.1990000000e+02	9.3287811459e-22	0.0000000000e+00	1.0000000000e+00	2.0084652687e+00	7.1534013323e+01	3.8400886812e+00
onshell_4tau_r0p6	4tau	0.6	baseline-plus-edges	16.69	1000.0	4.3653000000e+02	1.0575080943e-21	0.0000000000e+00	1.0000000000e+00	2.0084652687e+00	7.1534013323e+01	3.8401485723e+00
onshell_4tau_r0p6	4tau	0.6	baseline-plus-edges	16.69	1000.0	5.9567000000e+02	1.1728029993e-21	0.0000000000e+00	1.0000000000e+00	2.0084652687e+00	7.1534013323e+01	3.8402756832e+00
onshell_4tau_r0p6	4tau	0.6	baseline-plus-edges	16.69	1000.0	8.5606000000e+02	3.8336029742e-21	0.0000000000e+00	1.0000000000e+00	2.0084652687e+00	7.1534013323e+01	3.8400416667e+00
onshell_4tau_r0p6	4tau	0.6	baseline-plus-edges	16.69	1000.0	1.0000000000e+03	2.7333379072e-21	0.0000000000e+00	1.0000000000e+00	2.0084652687e+00	7.1534013323e+01	3.8401647975e+00
onshell_4tau_r0p7	4tau	0.7	baseline-plus-edges	19.28	1000.0	1.9280000000e+01	7.1448958050e-22	1.8908911192e-22	1.0000000000e+00	1.9502817926e+00	6.6449781825e+01	3.8405628339e+00
onshell_4tau_r0p7	4tau	0.7	baseline-plus-edges	19.28	1000.0	2.5170000000e+01	4.8005260382e-22	0.0000000000e+00	1.0000000000e+00	2.0084652687e+00	7.1534013323e+01	3.8402228754e+00
onshell_4tau_r0p7	4tau	0.7	baseline-plus-edges	19.28	1000.0	3.4670000000e+01	5.5258462968e-22	0.0000000000e+00	1.0000000000e+00	2.0084652687e+00	7.1534013323e+01	3.8400338697e+00
onshell_4tau_r0p7	4tau	0.7	baseline-plus-edges	19.28	1000.0	4.7750000000e+01	9.4869987703e-22	4.4795508904e-23	1.0000000000e+00	1.9889587400e+00	7.1498336983e+01	3.8402306378e+00
onshell_4tau_r0p7	4tau	0.7	baseline-plus-edges	19.28	1000.0	6.5770000000e+01	4.8956920648e-22	0.0000000000e+00	1.0000000000e+00	2.0084652687e+00	7.1534013323e+01	3.8400609149e+00
onshell_4tau_r0p7	4tau	0.7	baseline-plus-edges	19.28	1000.0	9.0590000000e+01	6.0782103591e-22	0.0000000000e+00	1.0000000000e+00	2.0084652687e+00	7.1534013323e+01	3.8400462895e+00
onshell_4tau_r0p7	4tau	0.7	baseline-plus-edges	19.28	1000.0	1.2478000000e+02	1.5910996288e-21	0.0000000000e+00	1.0000000000e+00	2.0084652687e+00	7.1534013323e+01	3.8400233861e+00
onshell_4tau_r0p7	4tau	0.7	baseline-plus-edges	19.28	1000.0	1.7187000000e+02	2.3274445090e-21	2.9176255513e-22	1.0000000000e+00	1.9307866977e+00	7.1101868326e+01	3.8400896983e+00
onshell_4tau_r0p7	4tau	0.7	baseline-plus-edges	19.28	1000.0	2.3673000000e+02	1.2713980460e-21	0.0000000000e+00	1.0000000000e+00	2.0084652687e+00	7.1534013323e+01	3.8402202064e+00
onshell_4tau_r0p7	4tau	0.7	baseline-plus-edges	19.28	1000.0	3.2607000000e+02	8.1434700342e-22	0.0000000000e+00	1.0000000000e+00	2.0084652687e+00	7.1534013323e+01	3.8400560922e+00
onshell_4tau_r0p7	4tau	0.7	baseline-plus-edges	19.28	1000.0	4.4912000000e+02	1.5756925784e-21	0.0000000000e+00	1.0000000000e+00	2.0084652687e+00	7.1534013323e+01	3.8402729755e+00
onshell_4tau_r0p7	4tau	0.7	baseline-plus-edges	19.28	1000.0	6.1861000000e+02	2.2736951312e-21	0.0000000000e+00	1.0000000000e+00	2.0084652687e+00	7.1534013323e+01	3.8401373797e+00
onshell_4tau_r0p7	4tau	0.7	baseline-plus-edges	19.28	1000.0	8.5207000000e+02	3.1967722651e-21	0.0000000000e+00	1.0000000000e+00	2.0084652687e+00	7.1534013323e+01	3.8400556079e+00
onshell_4tau_r0p7	4tau	0.7	baseline-plus-edges	19.28	1000.0	1.0000000000e+03	9.0273130343e-21	0.0000000000e+00	1.0000000000e+00	2.0084652687e+00	7.1534013323e+01	3.8402588258e+00
onshell_4tau_r0p8	4tau	0.8	baseline-plus-edges	12.56	1000.0	2.5590000000e+01	1.3163045180e-22	0.0000000000e+00	1.0000000000e+00	2.0084652687e+00	7.1534013323e+01	3.8400443470e+00
onshell_4tau_r0p8	4tau	0.8	baseline-plus-edges	12.56	1000.0	3.3640000000e+01	1.0727599405e-22	0.0000000000e+00	1.0000000000e+00	2.0084652687e+00	7.1534013323e+01	3.8401061426e+00
onshell_4tau_r0p8	4tau	0.8	baseline-plus-edges	12.56	1000.0	4.6710000000e+01	6.8582521225e-22	0.0000000000e+00	1.0000000000e+00	2.0084652687e+00	7.1534013323e+01	3.8402527981e+00
onshell_4tau_r0p8	4tau	0.8	baseline-plus-edges	12.56	1000.0	6.4850000000e+01	5.2759210382e-22	0.0000000000e+00	1.0000000000e+00	2.0084652687e+00	7.1534013323e+01	3.8401647715e+00
onshell_4tau_r0p8	4tau	0.8	baseline-plus-edges	12.56	1000.0	9.0050000000e+01	4.2490019905e-21	1.1866661058e-21	1.0000000000e+00	1.9794365737e+00	6.5566604742e+01	3.8403762281e+00
onshell_4tau_r0p8	4tau	0.8	baseline-plus-edges	12.56	1000.0	1.2505000000e+02	3.0865292701e-22	0.0000000000e+00	1.0000000000e+00	2.0084652687e+00	7.1534013323e+01	3.8401266564e+00
onshell_4tau_r0p8	4tau	0.8	baseline-plus-edges	12.56	1000.0	1.7363000000e+02	1.2616461841e-21	0.0000000000e+00	1.0000000000e+00	2.0084652687e+00	7.1534013323e+01	3.8400989577e+00
onshell_4tau_r0p8	4tau	0.8	baseline-plus-edges	12.56	1000.0	2.2827000000e+02	1.1805688512e-21	0.0000000000e+00	1.0000000000e+00	2.0084652687e+00	7.1534013323e+01	3.8402384320e+00
onshell_4tau_r0p8	4tau	0.8	baseline-plus-edges	12.56	1000.0	3.1697000000e+02	2.0637501433e-21	0.0000000000e+00	1.0000000000e+00	2.0084652687e+00	7.1534013323e+01	3.8401109675e+00
onshell_4tau_r0p8	4tau	0.8	baseline-plus-edges	12.56	1000.0	4.4013000000e+02	9.7525231091e-22	0.0000000000e+00	1.0000000000e+00	2.0084652687e+00	7.1534013323e+01	3.8400652977e+00
onshell_4tau_r0p8	4tau	0.8	baseline-plus-edges	12.56	1000.0	6.1115000000e+02	2.3529608229e-21	0.0000000000e+00	1.0000000000e+00	2.0084652687e+00	7.1534013323e+01	3.8401545416e+00
onshell_4tau_r0p8	4tau	0.8	baseline-plus-edges	12.56	1000.0	8.4863000000e+02	4.8211904096e-21	0.0000000000e+00	1.0000000000e+00	2.0084652687e+00	7.1534013323e+01	3.8401416729e+00
onshell_4tau_r0p8	4tau	0.8	baseline-plus-edges	12.56	1000.0	1.0000000000e+03	2.8028969540e-21	0.0000000000e+00	1.0000000000e+00	2.0084652687e+00	7.1534013323e+01	3.8401875273e+00
onshell_4tau_r0p9	4tau	0.9	baseline-plus-edges	10.8	1000.0	2.4980000000e+01	9.8632889436e-22	2.7574288887e-22	1.0000000000e+00	1.9767590909e+00	6.5623610090e+01	3.8405136565e+00
onshell_4tau_r0p9	4tau	0.9	baseline-plus-edges	10.8	1000.0	3.4940000000e+01	4.8729619225e-22	0.0000000000e+00	1.0000000000e+00	2.0084652687e+00	7.1534013323e+01	3.8401427259e+00
onshell_4tau_r0p9	4tau	0.9	baseline-plus-edges	10.8	1000.0	4.6210000000e+01	9.5008446942e-22	0.0000000000e+00	1.0000000000e+00	2.0084652687e+00	7.1534013323e+01	3.8401960754e+00
onshell_4tau_r0p9	4tau	0.9	baseline-plus-edges	10.8	1000.0	6.4620000000e+01	1.0235272874e-21	0.0000000000e+00	1.0000000000e+00	2.0084652687e+00	7.1534013323e+01	3.8400788152e+00
onshell_4tau_r0p9	4tau	0.9	baseline-plus-edges	10.8	1000.0	9.0370000000e+01	3.6138197148e-22	0.0000000000e+00	1.0000000000e+00	2.0084652687e+00	7.1534013323e+01	3.8402099420e+00
onshell_4tau_r0p9	4tau	0.9	baseline-plus-edges	10.8	1000.0	1.2639000000e+02	7.7501946403e-22	0.0000000000e+00	1.0000000000e+00	2.0084652687e+00	7.1534013323e+01	3.8400277846e+00
onshell_4tau_r0p9	4tau	0.9	baseline-plus-edges	10.8	1000.0	1.6715000000e+02	1.3412370243e-21	0.0000000000e+00	1.0000000000e+00	2.0084652687e+00	7.1534013323e+01	3.8401403321e+00
onshell_4tau_r0p9	4tau	0.9	baseline-plus-edges	10.8	1000.0	2.3376000000e+02	2.0922332621e-21	0.0000000000e+00	1.0000000000e+00	2.0084652687e+00	7.1534013323e+01	3.8401131678e+00
onshell_4tau_r0p9	4tau	0.9	baseline-plus-edges	10.8	1000.0	3.2692000000e+02	5.7993756153e-22	0.0000000000e+00	1.0000000000e+00	2.0084652687e+00	7.1534013323e+01	3.8400217685e+00
onshell_4tau_r0p9	4tau	0.9	baseline-plus-edges	10.8	1000.0	4.3234000000e+02	1.2002091998e-21	0.0000000000e+00	1.0000000000e+00	2.0084652687e+00	7.1534013323e+01	3.8401009916e+00
onshell_4tau_r0p9	4tau	0.9	baseline-plus-edges	10.8	1000.0	6.0464000000e+02	1.5900229754e-21	0.0000000000e+00	1.0000000000e+00	2.0084652687e+00	7.1534013323e+01	3.8400470335e+00
onshell_4tau_r0p9	4tau	0.9	baseline-plus-edges	10.8	1000.0	8.4560000000e+02	3.3368934484e-21	0.0000000000e+00	1.0000000000e+00	2.0084652687e+00	7.1534013323e+01	3.8402685683e+00
onshell_4tau_r0p9	4tau	0.9	baseline-plus-edges	10.8	1000.0	1.0000000000e+03	4.6623249690e-21	0.0000000000e+00	1.0000000000e+00	2.0084652687e+00	7.1534013323e+01	3.8401500920e+00
onshell_4tau_r1p0	4tau	1.0	baseline-plus-edges	13.17	1000.0	2.4650000000e+01	1.2632518379e-21	3.3548042222e-22	1.0000000000e+00	1.9554920173e+00	6.6715684601e+01	3.8404791516e+00
onshell_4tau_r1p0	4tau	1.0	baseline-plus-edges	13.17	1000.0	3.4700000000e+01	1.1026473348e-21	0.0000000000e+00	1.0000000000e+00	2.0084652687e+00	7.1534013323e+01	3.8401083501e+00
onshell_4tau_r1p0	4tau	1.0	baseline-plus-edges	13.17	1000.0	4.6130000000e+01	4.7997137361e-22	0.0000000000e+00	1.0000000000e+00	2.0084652687e+00	7.1534013323e+01	3.8400887548e+00
onshell_4tau_r1p0	4tau	1.0	baseline-plus-edges	13.17	1000.0	6.4930000000e+01	7.4304084986e-22	0.0000000000e+00	1.0000000000e+00	2.0084652687e+00	7.1534013323e+01	3.8401099285e+00
onshell_4tau_r1p0	4tau	1.0	baseline-plus-edges	13.17	1000.0	9.1390000000e+01	5.5629070053e-22	0.0000000000e+00	1.0000000000e+00	2.0084652687e+00	7.1534013323e+01	3.8402523166e+00
onshell_4tau_r1p0	4tau	1.0	baseline-plus-edges	13.17	1000.0	1.2151000000e+02	1.5083777844e-21	0.0000000000e+00	1.0000000000e+00	2.0084652687e+00	7.1534013323e+01	3.8402814778e+00
onshell_4tau_r1p0	4tau	1.0	baseline-plus-edges	13.17	1000.0	1.7102000000e+02	2.3998091593e-21	0.0000000000e+00	1.0000000000e+00	2.0084652687e+00	7.1534013323e+01	3.8400556345e+00
onshell_4tau_r1p0	4tau	1.0	baseline-plus-edges	13.17	1000.0	2.2738000000e+02	1.5710331554e-21	0.0000000000e+00	1.0000000000e+00	2.0084652687e+00	7.1534013323e+01	3.8402183449e+00
onshell_4tau_r1p0	4tau	1.0	baseline-plus-edges	13.17	1000.0	3.2003000000e+02	9.1854457284e-22	0.0000000000e+00	1.0000000000e+00	2.0084652687e+00	7.1534013323e+01	3.8402092987e+00
onshell_4tau_r1p0	4tau	1.0	baseline-plus-edges	13.17	1000.0	4.5044000000e+02	3.0154795597e-21	0.0000000000e+00	1.0000000000e+00	2.0084652687e+00	7.1534013323e+01	3.8402314871e+00
onshell_4tau_r1p0	4tau	1.0	baseline-plus-edges	13.17	1000.0	5.9888000000e+02	2.3631363701e-21	0.0000000000e+00	1.0000000000e+00	2.0084652687e+00	7.1534013323e+01	3.8402203350e+00
onshell_4tau_r1p0	4tau	1.0	baseline-plus-edges	13.17	1000.0	8.4291000000e+02	3.5053306623e-21	0.0000000000e+00	1.0000000000e+00	2.0084652687e+00	7.1534013323e+01	3.8400307904e+00
onshell_4tau_r1p0	4tau	1.0	baseline-plus-edges	13.17	1000.0	1.0000000000e+03	4.2203797178e-21	0.0000000000e+00	1.0000000000e+00	2.0084652687e+00	7.1534013323e+01	3.8402038451e+00
onshell_2b2tau_r0p1	2b2tau	0.1	baseline-plus-edges	94.0	1000.0	9.4000000000e+01	3.9404985242e-25	6.3244169195e-26	1.0000000000e+00	1.8421540933e+00	7.0553564144e+01	3.8403262745e+00
onshell_2b2tau_r0p1	2b2tau	0.1	baseline-plus-edges	94.0	1000.0	1.2224000000e+02	4.8873406034e-25	8.0227964095e-26	1.0000000000e+00	1.8295066577e+00	7.0480284016e+01	3.8400033581e+00
onshell_2b2tau_r0p1	2b2tau	0.1	baseline-plus-edges	94.0	1000.0	1.7078000000e+02	2.9882867347e-25	0.0000000000e+00	1.0000000000e+00	2.0084652687e+00	7.1534013323e+01	3.8403069562e+00
onshell_2b2tau_r0p1	2b2tau	0.1	baseline-plus-edges	94.0	1000.0	2.3296000000e+02	1.6107326145e-25	0.0000000000e+00	1.0000000000e+00	2.0084652687e+00	7.1534013323e+01	3.8401347526e+00
onshell_2b2tau_r0p1	2b2tau	0.1	baseline-plus-edges	94.0	1000.0	3.1778000000e+02	1.3850553065e-25	0.0000000000e+00	1.0000000000e+00	2.0084652687e+00	7.1534013323e+01	3.8400486688e+00
onshell_2b2tau_r0p1	2b2tau	0.1	baseline-plus-edges	94.0	1000.0	4.4395000000e+02	1.6350372095e-25	0.0000000000e+00	1.0000000000e+00	2.0084652687e+00	7.1534013323e+01	3.8400712206e+00
onshell_2b2tau_r0p1	2b2tau	0.1	baseline-plus-edges	94.0	1000.0	6.0559000000e+02	2.3062346178e-25	0.0000000000e+00	1.0000000000e+00	2.0084652687e+00	7.1534013323e+01	3.8401848156e+00
onshell_2b2tau_r0p1	2b2tau	0.1	baseline-plus-edges	94.0	1000.0	8.4604000000e+02	3.7063202138e-25	0.0000000000e+00	1.0000000000e+00	2.0084652687e+00	7.1534013323e+01	3.8402611377e+00
onshell_2b2tau_r0p1	2b2tau	0.1	baseline-plus-edges	94.0	1000.0	1.0000000000e+03	4.8473443113e-25	0.0000000000e+00	1.0000000000e+00	2.0084652687e+00	7.1534013323e+01	3.8401490230e+00
onshell_2b2tau_r0p2	2b2tau	0.2	baseline-plus-edges	47.0	1000.0	4.7000000000e+01	1.8738525346e-26	0.0000000000e+00	1.0000000000e+00	2.0084652687e+00	7.1534013323e+01	3.8402236427e+00
onshell_2b2tau_r0p2	2b2tau	0.2	baseline-plus-edges	47.0	1000.0	6.6010000000e+01	6.1096322644e-26	0.0000000000e+00	1.0000000000e+00	2.0084652687e+00	7.1534013323e+01	3.8400642026e+00
onshell_2b2tau_r0p2	2b2tau	0.2	baseline-plus-edges	47.0	1000.0	8.9900000000e+01	2.5667774858e-25	0.0000000000e+00	1.0000000000e+00	2.0084652687e+00	7.1534013323e+01	3.8401128546e+00
onshell_2b2tau_r0p2	2b2tau	0.2	baseline-plus-edges	47.0	1000.0	1.2244000000e+02	3.5987778840e-25	0.0000000000e+00	1.0000000000e+00	2.0084652687e+00	7.1534013323e+01	3.8403456763e+00
onshell_2b2tau_r0p2	2b2tau	0.2	baseline-plus-edges	47.0	1000.0	1.7197000000e+02	2.4419925854e-25	0.0000000000e+00	1.0000000000e+00	2.0084652687e+00	7.1534013323e+01	3.8400864836e+00
onshell_2b2tau_r0p2	2b2tau	0.2	baseline-plus-edges	47.0	1000.0	2.3420000000e+02	1.7056937315e-25	0.0000000000e+00	1.0000000000e+00	2.0084652687e+00	7.1534013323e+01	3.8401578526e+00
onshell_2b2tau_r0p2	2b2tau	0.2	baseline-plus-edges	47.0	1000.0	3.1894000000e+02	1.4861998778e-25	0.0000000000e+00	1.0000000000e+00	2.0084652687e+00	7.1534013323e+01	3.8402374333e+00
onshell_2b2tau_r0p2	2b2tau	0.2	baseline-plus-edges	47.0	1000.0	4.4798000000e+02	1.6994991039e-25	0.0000000000e+00	1.0000000000e+00	2.0084652687e+00	7.1534013323e+01	3.8402105007e+00
onshell_2b2tau_r0p2	2b2tau	0.2	baseline-plus-edges	47.0	1000.0	6.1008000000e+02	2.3625245609e-25	0.0000000000e+00	1.0000000000e+00	2.0084652687e+00	7.1534013323e+01	3.8401628798e+00
onshell_2b2tau_r0p2	2b2tau	0.2	baseline-plus-edges	47.0	1000.0	8.3085000000e+02	3.5645330975e-25	0.0000000000e+00	1.0000000000e+00	2.0084652687e+00	7.1534013323e+01	3.8401331022e+00
onshell_2b2tau_r0p2	2b2tau	0.2	baseline-plus-edges	47.0	1000.0	1.0000000000e+03	4.7410681800e-25	0.0000000000e+00	1.0000000000e+00	2.0084652687e+00	7.1534013323e+01	3.8402559950e+00
onshell_2b2tau_r0p3	2b2tau	0.3	baseline-plus-edges	31.33	1000.0	3.1330000000e+01	3.3586877722e-25	0.0000000000e+00	1.0000000000e+00	2.0084652687e+00	7.1534013323e+01	3.8402408626e+00
onshell_2b2tau_r0p3	2b2tau	0.3	baseline-plus-edges	31.33	1000.0	3.4800000000e+01	6.7135315597e-26	0.0000000000e+00	1.0000000000e+00	2.0084652687e+00	7.1534013323e+01	3.8400963695e+00
onshell_2b2tau_r0p3	2b2tau	0.3	baseline-plus-edges	31.33	1000.0	4.7680000000e+01	3.6503721584e-26	0.0000000000e+00	1.0000000000e+00	2.0084652687e+00	7.1534013323e+01	3.8401214140e+00
onshell_2b2tau_r0p3	2b2tau	0.3	baseline-plus-edges	31.33	1000.0	6.5320000000e+01	8.7625405745e-26	0.0000000000e+00	1.0000000000e+00	2.0084652687e+00	7.1534013323e+01	3.8401264802e+00
onshell_2b2tau_r0p3	2b2tau	0.3	baseline-plus-edges	31.33	1000.0	8.9490000000e+01	2.0918685801e-25	0.0000000000e+00	1.0000000000e+00	2.0084652687e+00	7.1534013323e+01	3.8400224077e+00
onshell_2b2tau_r0p3	2b2tau	0.3	baseline-plus-edges	31.33	1000.0	1.2260000000e+02	3.3439424785e-25	0.0000000000e+00	1.0000000000e+00	2.0084652687e+00	7.1534013323e+01	3.8402233444e+00
onshell_2b2tau_r0p3	2b2tau	0.3	baseline-plus-edges	31.33	1000.0	1.6796000000e+02	2.6300942212e-25	0.0000000000e+00	1.0000000000e+00	2.0084652687e+00	7.1534013323e+01	3.8400783283e+00
onshell_2b2tau_r0p3	2b2tau	0.3	baseline-plus-edges	31.33	1000.0	2.3011000000e+02	1.8618042526e-25	0.0000000000e+00	1.0000000000e+00	2.0084652687e+00	7.1534013323e+01	3.8400344997e+00
onshell_2b2tau_r0p3	2b2tau	0.3	baseline-plus-edges	31.33	1000.0	3.2648000000e+02	1.5839722944e-25	0.0000000000e+00	1.0000000000e+00	2.0084652687e+00	7.1534013323e+01	3.8400192810e+00
onshell_2b2tau_r0p3	2b2tau	0.3	baseline-plus-edges	31.33	1000.0	4.4729000000e+02	1.7812112447e-25	0.0000000000e+00	1.0000000000e+00	2.0084652687e+00	7.1534013323e+01	3.8401179157e+00
onshell_2b2tau_r0p3	2b2tau	0.3	baseline-plus-edges	31.33	1000.0	6.1279000000e+02	2.4044717109e-25	0.0000000000e+00	1.0000000000e+00	2.0084652687e+00	7.1534013323e+01	3.8400796702e+00
onshell_2b2tau_r0p3	2b2tau	0.3	baseline-plus-edges	31.33	1000.0	8.3954000000e+02	3.6484468898e-25	0.0000000000e+00	1.0000000000e+00	2.0084652687e+00	7.1534013323e+01	3.8401014084e+00
onshell_2b2tau_r0p3	2b2tau	0.3	baseline-plus-edges	31.33	1000.0	1.0000000000e+03	4.8691309088e-25	0.0000000000e+00	1.0000000000e+00	2.0084652687e+00	7.1534013323e+01	3.8400155966e+00
onshell_2b2tau_r0p4	2b2tau	0.4	baseline-plus-edges	23.5	1000.0	2.3500000000e+01	2.7788933937e-26	2.1750081838e-27	1.0000000000e+00	1.9718828151e+00	7.1417735497e+01	3.8401799256e+00
onshell_2b2tau_r0p4	2b2tau	0.4	baseline-plus-edges	23.5	1000.0	2.5350000000e+01	1.7427832647e-26	0.0000000000e+00	1.0000000000e+00	2.0084652687e+00	7.1534013323e+01	3.8403710325e+00
onshell_2b2tau_r0p4	2b2tau	0.4	baseline-plus-edges	23.5	1000.0	3.4320000000e+01	4.2390523929e-26	0.0000000000e+00	1.0000000000e+00	2.0084652687e+00	7.1534013323e+01	3.8402103350e+00
onshell_2b2tau_r0p4	2b2tau	0.4	baseline-plus-edges	23.5	1000.0	4.8270000000e+01	5.0062558799e-26	0.0000000000e+00	1.0000000000e+00	2.0084652687e+00	7.1534013323e+01	3.8400393801e+00
onshell_2b2tau_r0p4	2b2tau	0.4	baseline-plus-edges	23.5	1000.0	6.5360000000e+01	9.9113638625e-26	0.0000000000e+00	1.0000000000e+00	2.0084652687e+00	7.1534013323e+01	3.8402520154e+00
onshell_2b2tau_r0p4	2b2tau	0.4	baseline-plus-edges	23.5	1000.0	8.8500000000e+01	2.3713365349e-25	0.0000000000e+00	1.0000000000e+00	2.0084652687e+00	7.1534013323e+01	3.8402443463e+00
onshell_2b2tau_r0p4	2b2tau	0.4	baseline-plus-edges	23.5	1000.0	1.2446000000e+02	4.4604814701e-25	0.0000000000e+00	1.0000000000e+00	2.0084652687e+00	7.1534013323e+01	3.8403276403e+00
onshell_2b2tau_r0p4	2b2tau	0.4	baseline-plus-edges	23.5	1000.0	1.6853000000e+02	3.3320800898e-25	0.0000000000e+00	1.0000000000e+00	2.0084652687e+00	7.1534013323e+01	3.8400491621e+00
onshell_2b2tau_r0p4	2b2tau	0.4	baseline-plus-edges	23.5	1000.0	2.3700000000e+02	2.0779323177e-25	0.0000000000e+00	1.0000000000e+00	2.0084652687e+00	7.1534013323e+01	3.8400426189e+00
onshell_2b2tau_r0p4	2b2tau	0.4	baseline-plus-edges	23.5	1000.0	3.2091000000e+02	1.7062711226e-25	0.0000000000e+00	1.0000000000e+00	2.0084652687e+00	7.1534013323e+01	3.8400875439e+00
onshell_2b2tau_r0p4	2b2tau	0.4	baseline-plus-edges	23.5	1000.0	4.3453000000e+02	1.8006073635e-25	0.0000000000e+00	1.0000000000e+00	2.0084652687e+00	7.1534013323e+01	3.8402507260e+00
onshell_2b2tau_r0p4	2b2tau	0.4	baseline-plus-edges	23.5	1000.0	6.1108000000e+02	2.3761569117e-25	0.0000000000e+00	1.0000000000e+00	2.0084652687e+00	7.1534013323e+01	3.8401313271e+00
onshell_2b2tau_r0p4	2b2tau	0.4	baseline-plus-edges	23.5	1000.0	8.2743000000e+02	3.5491843961e-25	0.0000000000e+00	1.0000000000e+00	2.0084652687e+00	7.1534013323e+01	3.8402492579e+00
onshell_2b2tau_r0p4	2b2tau	0.4	baseline-plus-edges	23.5	1000.0	1.0000000000e+03	4.8342373641e-25	0.0000000000e+00	1.0000000000e+00	2.0084652687e+00	7.1534013323e+01	3.8400484335e+00
onshell_2b2tau_r0p5	2b2tau	0.5	baseline-plus-edges	18.8	1000.0	1.8800000000e+01	3.2579438922e-26	7.6461115377e-27	1.0000000000e+00	1.9063587049e+00	6.8677163903e+01	3.8403428135e+00
onshell_2b2tau_r0p5	2b2tau	0.5	baseline-plus-edges	18.8	1000.0	2.4900000000e+01	6.6962273386e-26	1.3414535141e-26	1.0000000000e+00	1.9093139670e+00	6.9941551527e+01	3.8402877460e+00
onshell_2b2tau_r0p5	2b2tau	0.5	baseline-plus-edges	18.8	1000.0	3.4330000000e+01	5.3564093221e-26	0.0000000000e+00	1.0000000000e+00	2.0084652687e+00	7.1534013323e+01	3.8400304102e+00
onshell_2b2tau_r0p5	2b2tau	0.5	baseline-plus-edges	18.8	1000.0	4.7330000000e+01	5.6664413272e-26	0.0000000000e+00	1.0000000000e+00	2.0084652687e+00	7.1534013323e+01	3.8400452300e+00
onshell_2b2tau_r0p5	2b2tau	0.5	baseline-plus-edges	18.8	1000.0	6.5250000000e+01	1.1119169641e-25	0.0000000000e+00	1.0000000000e+00	2.0084652687e+00	7.1534013323e+01	3.8401816297e+00
onshell_2b2tau_r0p5	2b2tau	0.5	baseline-plus-edges	18.8	1000.0	8.9960000000e+01	2.7856233980e-25	0.0000000000e+00	1.0000000000e+00	2.0084652687e+00	7.1534013323e+01	3.8400652619e+00
onshell_2b2tau_r0p5	2b2tau	0.5	baseline-plus-edges	18.8	1000.0	1.2402000000e+02	5.3092223734e-25	1.5461202620e-26	1.0000000000e+00	1.9591682358e+00	7.1511088411e+01	3.8401454367e+00
onshell_2b2tau_r0p5	2b2tau	0.5	baseline-plus-edges	18.8	1000.0	1.7099000000e+02	3.8759842977e-25	0.0000000000e+00	1.0000000000e+00	2.0084652687e+00	7.1534013323e+01	3.8401373966e+00
onshell_2b2tau_r0p5	2b2tau	0.5	baseline-plus-edges	18.8	1000.0	2.3573000000e+02	2.3681283842e-25	0.0000000000e+00	1.0000000000e+00	2.0084652687e+00	7.1534013323e+01	3.8400360309e+00
onshell_2b2tau_r0p5	2b2tau	0.5	baseline-plus-edges	18.8	1000.0	3.2500000000e+02	1.8451804921e-25	0.0000000000e+00	1.0000000000e+00	2.0084652687e+00	7.1534013323e+01	3.8401943829e+00
onshell_2b2tau_r0p5	2b2tau	0.5	baseline-plus-edges	18.8	1000.0	4.4807000000e+02	1.8154465370e-25	0.0000000000e+00	1.0000000000e+00	2.0084652687e+00	7.1534013323e+01	3.8400356786e+00
onshell_2b2tau_r0p5	2b2tau	0.5	baseline-plus-edges	18.8	1000.0	6.1774000000e+02	2.3979701542e-25	0.0000000000e+00	1.0000000000e+00	2.0084652687e+00	7.1534013323e+01	3.8400997449e+00
onshell_2b2tau_r0p5	2b2tau	0.5	baseline-plus-edges	18.8	1000.0	8.5167000000e+02	3.7125975584e-25	0.0000000000e+00	1.0000000000e+00	2.0084652687e+00	7.1534013323e+01	3.8400116405e+00
onshell_2b2tau_r0p5	2b2tau	0.5	baseline-plus-edges	18.8	1000.0	1.0000000000e+03	4.7910732107e-25	0.0000000000e+00	1.0000000000e+00	2.0084652687e+00	7.1534013323e+01	3.8401845644e+00
onshell_2b2tau_r0p6	2b2tau	0.6	baseline-plus-edges	15.67	1000.0	1.5670000000e+01	5.5042994579e-25	1.5641440828e-25	1.0000000000e+00	1.9570129715e+00	6.5263071608e+01	3.8404158672e+00
onshell_2b2tau_r0p6	2b2tau	0.6	baseline-plus-edges	15.67	1000.0	2.4860000000e+01	8.7524730462e-26	1.8195446229e-26	1.0000000000e+00	1.9070527963e+00	6.9727861673e+01	3.8400363866e+00
onshell_2b2tau_r0p6	2b2tau	0.6	baseline-plus-edges	15.67	1000.0	3.4790000000e+01	6.1277524175e-26	0.0000000000e+00	1.0000000000e+00	2.0084652687e+00	7.1534013323e+01	3.8402476360e+00
onshell_2b2tau_r0p6	2b2tau	0.6	baseline-plus-edges	15.67	1000.0	4.6670000000e+01	6.4088045574e-26	0.0000000000e+00	1.0000000000e+00	2.0084652687e+00	7.1534013323e+01	3.8401379193e+00
onshell_2b2tau_r0p6	2b2tau	0.6	baseline-plus-edges	15.67	1000.0	6.5300000000e+01	1.2212029338e-25	0.0000000000e+00	1.0000000000e+00	2.0084652687e+00	7.1534013323e+01	3.8400385104e+00
onshell_2b2tau_r0p6	2b2tau	0.6	baseline-plus-edges	15.67	1000.0	9.1360000000e+01	3.1190056447e-25	0.0000000000e+00	1.0000000000e+00	2.0084652687e+00	7.1534013323e+01	3.8401603658e+00
onshell_2b2tau_r0p6	2b2tau	0.6	baseline-plus-edges	15.67	1000.0	1.2257000000e+02	5.5492858780e-25	2.5705660049e-26	1.0000000000e+00	1.9303606741e+00	7.1472815185e+01	3.8400688639e+00
onshell_2b2tau_r0p6	2b2tau	0.6	baseline-plus-edges	15.67	1000.0	1.7149000000e+02	4.6469414780e-25	0.0000000000e+00	1.0000000000e+00	2.0084652687e+00	7.1534013323e+01	3.8400125430e+00
onshell_2b2tau_r0p6	2b2tau	0.6	baseline-plus-edges	15.67	1000.0	2.3007000000e+02	2.8712946732e-25	0.0000000000e+00	1.0000000000e+00	2.0084652687e+00	7.1534013323e+01	3.8400251562e+00
onshell_2b2tau_r0p6	2b2tau	0.6	baseline-plus-edges	15.67	1000.0	3.2190000000e+02	1.8922974690e-25	0.0000000000e+00	1.0000000000e+00	2.0084652687e+00	7.1534013323e+01	3.8400319519e+00
onshell_2b2tau_r0p6	2b2tau	0.6	baseline-plus-edges	15.67	1000.0	4.5038000000e+02	1.7905800084e-25	0.0000000000e+00	1.0000000000e+00	2.0084652687e+00	7.1534013323e+01	3.8402325526e+00
onshell_2b2tau_r0p6	2b2tau	0.6	baseline-plus-edges	15.67	1000.0	6.0424000000e+02	2.3299674437e-25	0.0000000000e+00	1.0000000000e+00	2.0084652687e+00	7.1534013323e+01	3.8400006721e+00
onshell_2b2tau_r0p6	2b2tau	0.6	baseline-plus-edges	15.67	1000.0	8.4541000000e+02	3.6605062680e-25	0.0000000000e+00	1.0000000000e+00	2.0084652687e+00	7.1534013323e+01	3.8402483238e+00
onshell_2b2tau_r0p6	2b2tau	0.6	baseline-plus-edges	15.67	1000.0	1.0000000000e+03	4.8510370388e-25	0.0000000000e+00	1.0000000000e+00	2.0084652687e+00	7.1534013323e+01	3.8402434066e+00
onshell_2b2tau_r0p7	2b2tau	0.7	baseline-plus-edges	13.43	1000.0	1.3430000000e+01	8.1371666633e-26	2.2317780092e-26	1.0000000000e+00	1.9726145159e+00	6.6426605078e+01	3.8402435800e+00
onshell_2b2tau_r0p7	2b2tau	0.7	baseline-plus-edges	13.43	1000.0	2.4700000000e+01	8.7173694823e-26	1.9227860995e-26	1.0000000000e+00	1.9019154639e+00	6.9294717328e+01	3.8402731826e+00
onshell_2b2tau_r0p7	2b2tau	0.7	baseline-plus-edges	13.43	1000.0	3.5000000000e+01	7.1691804299e-26	1.5172220720e-27	1.0000000000e+00	1.9970861324e+00	7.1527226733e+01	3.8402233878e+00
onshell_2b2tau_r0p7	2b2tau	0.7	baseline-plus-edges	13.43	1000.0	4.7470000000e+01	7.2435203449e-26	0.0000000000e+00	1.0000000000e+00	2.0084652687e+00	7.1534013323e+01	3.8401154675e+00
onshell_2b2tau_r0p7	2b2tau	0.7	baseline-plus-edges	13.43	1000.0	6.4380000000e+01	1.1682411570e-25	0.0000000000e+00	1.0000000000e+00	2.0084652687e+00	7.1534013323e+01	3.8402434088e+00
onshell_2b2tau_r0p7	2b2tau	0.7	baseline-plus-edges	13.43	1000.0	9.1200000000e+01	2.8934882719e-25	0.0000000000e+00	1.0000000000e+00	2.0084652687e+00	7.1534013323e+01	3.8401016546e+00
onshell_2b2tau_r0p7	2b2tau	0.7	baseline-plus-edges	13.43	1000.0	1.2370000000e+02	5.6923634034e-25	3.1318082872e-26	1.0000000000e+00	1.9171560077e+00	7.1445905440e+01	3.8400130720e+00
onshell_2b2tau_r0p7	2b2tau	0.7	baseline-plus-edges	13.43	1000.0	1.6778000000e+02	5.5238384400e-25	0.0000000000e+00	1.0000000000e+00	2.0084652687e+00	7.1534013323e+01	3.8402009432e+00
onshell_2b2tau_r0p7	2b2tau	0.7	baseline-plus-edges	13.43	1000.0	2.3769000000e+02	3.2236465819e-25	0.0000000000e+00	1.0000000000e+00	2.0084652687e+00	7.1534013323e+01	3.8401801188e+00
onshell_2b2tau_r0p7	2b2tau	0.7	baseline-plus-edges	13.43	1000.0	3.2238000000e+02	1.8280863406e-25	0.0000000000e+00	1.0000000000e+00	2.0084652687e+00	7.1534013323e+01	3.8401356369e+00
onshell_2b2tau_r0p7	2b2tau	0.7	baseline-plus-edges	13.43	1000.0	4.3725000000e+02	1.7449619025e-25	0.0000000000e+00	1.0000000000e+00	2.0084652687e+00	7.1534013323e+01	3.8400303762e+00
onshell_2b2tau_r0p7	2b2tau	0.7	baseline-plus-edges	13.43	1000.0	6.1945000000e+02	2.3959420253e-25	0.0000000000e+00	1.0000000000e+00	2.0084652687e+00	7.1534013323e+01	3.8401807666e+00
onshell_2b2tau_r0p7	2b2tau	0.7	baseline-plus-edges	13.43	1000.0	8.4017000000e+02	3.6512262922e-25	0.0000000000e+00	1.0000000000e+00	2.0084652687e+00	7.1534013323e+01	3.8401612608e+00
onshell_2b2tau_r0p7	2b2tau	0.7	baseline-plus-edges	13.43	1000.0	1.0000000000e+03	4.8154581931e-25	0.0000000000e+00	1.0000000000e+00	2.0084652687e+00	7.1534013323e+01	3.8401701900e+00
onshell_2b2tau_r0p8	2b2tau	0.8	baseline-plus-edges	11.75	1000.0	1.1750000000e+01	3.0134716701e-25	8.4925991668e-26	1.0000000000e+00	1.9934148118e+00	6.6247695286e+01	3.8403101017e+00
onshell_2b2tau_r0p8	2b2tau	0.8	baseline-plus-edges	11.75	1000.0	2.5200000000e+01	8.9681089613e-26	2.0624382509e-26	1.0000000000e+00	1.9007873617e+00	6.8922973385e+01	3.8400543491e+00
onshell_2b2tau_r0p8	2b2tau	0.8	baseline-plus-edges	11.75	1000.0	3.4510000000e+01	8.4728981874e-26	9.1337564575e-27	1.0000000000e+00	1.9484104099e+00	7.1270051636e+01	3.8403812655e+00
onshell_2b2tau_r0p8	2b2tau	0.8	baseline-plus-edges	11.75	1000.0	4.7250000000e+01	7.5424886779e-26	0.0000000000e+00	1.0000000000e+00	2.0084652687e+00	7.1534013323e+01	3.8402881398e+00
onshell_2b2tau_r0p8	2b2tau	0.8	baseline-plus-edges	11.75	1000.0	6.4690000000e+01	1.1052571461e-25	0.0000000000e+00	1.0000000000e+00	2.0084652687e+00	7.1534013323e+01	3.8402468473e+00
onshell_2b2tau_r0p8	2b2tau	0.8	baseline-plus-edges	11.75	1000.0	8.8570000000e+01	2.2347742968e-25	0.0000000000e+00	1.0000000000e+00	2.0084652687e+00	7.1534013323e+01	3.8400315871e+00
onshell_2b2tau_r0p8	2b2tau	0.8	baseline-plus-edges	11.75	1000.0	1.2127000000e+02	5.1497069983e-25	2.1560643782e-26	1.0000000000e+00	1.9435466658e+00	7.1487375104e+01	3.8402197005e+00
onshell_2b2tau_r0p8	2b2tau	0.8	baseline-plus-edges	11.75	1000.0	1.7366000000e+02	6.7738547086e-25	7.7514829859e-27	1.0000000000e+00	1.9877064477e+00	7.1530567431e+01	3.8400516648e+00
onshell_2b2tau_r0p8	2b2tau	0.8	baseline-plus-edges	11.75	1000.0	2.3778000000e+02	3.1108352333e-25	0.0000000000e+00	1.0000000000e+00	2.0084652687e+00	7.1534013323e+01	3.8400907126e+00
onshell_2b2tau_r0p8	2b2tau	0.8	baseline-plus-edges	11.75	1000.0	3.2556000000e+02	1.7457002883e-25	0.0000000000e+00	1.0000000000e+00	2.0084652687e+00	7.1534013323e+01	3.8402111284e+00
onshell_2b2tau_r0p8	2b2tau	0.8	baseline-plus-edges	11.75	1000.0	4.4576000000e+02	1.7668013925e-25	0.0000000000e+00	1.0000000000e+00	2.0084652687e+00	7.1534013323e+01	3.8400508103e+00
onshell_2b2tau_r0p8	2b2tau	0.8	baseline-plus-edges	11.75	1000.0	6.1032000000e+02	2.3527497594e-25	0.0000000000e+00	1.0000000000e+00	2.0084652687e+00	7.1534013323e+01	3.8401251080e+00
onshell_2b2tau_r0p8	2b2tau	0.8	baseline-plus-edges	11.75	1000.0	8.3564000000e+02	3.5851013347e-25	0.0000000000e+00	1.0000000000e+00	2.0084652687e+00	7.1534013323e+01	3.8400744414e+00
onshell_2b2tau_r0p8	2b2tau	0.8	baseline-plus-edges	11.75	1000.0	1.0000000000e+03	4.8477544755e-25	0.0000000000e+00	1.0000000000e+00	2.0084652687e+00	7.1534013323e+01	3.8401940627e+00
onshell_2b2tau_r0p9	2b2tau	0.9	baseline-plus-edges	10.44	1000.0	1.0440000000e+01	1.4716841551e-24	4.0600177081e-25	1.0000000000e+00	2.0041670816e+00	6.7019979308e+01	3.8403700790e+00
onshell_2b2tau_r0p9	2b2tau	0.9	baseline-plus-edges	10.44	1000.0	2.5070000000e+01	9.0217366230e-26	2.2449149435e-26	1.0000000000e+00	1.9019022043e+00	6.7965138594e+01	3.8400799739e+00
onshell_2b2tau_r0p9	2b2tau	0.9	baseline-plus-edges	10.44	1000.0	3.4610000000e+01	9.2120815196e-26	1.4257500952e-26	1.0000000000e+00	1.9252442538e+00	7.0830142843e+01	3.8402179653e+00
onshell_2b2tau_r0p9	2b2tau	0.9	baseline-plus-edges	10.44	1000.0	4.7780000000e+01	7.6634278006e-26	0.0000000000e+00	1.0000000000e+00	2.0084652687e+00	7.1534013323e+01	3.8403125418e+00
onshell_2b2tau_r0p9	2b2tau	0.9	baseline-plus-edges	10.44	1000.0	6.5970000000e+01	9.4199495720e-26	0.0000000000e+00	1.0000000000e+00	2.0084652687e+00	7.1534013323e+01	3.8402626645e+00
onshell_2b2tau_r0p9	2b2tau	0.9	baseline-plus-edges	10.44	1000.0	9.1080000000e+01	1.9539635385e-25	0.0000000000e+00	1.0000000000e+00	2.0084652687e+00	7.1534013323e+01	3.8400463941e+00
onshell_2b2tau_r0p9	2b2tau	0.9	baseline-plus-edges	10.44	1000.0	1.2575000000e+02	5.4821569824e-25	3.3848898086e-26	1.0000000000e+00	1.9165930586e+00	7.1426269374e+01	3.8401842243e+00
onshell_2b2tau_r0p9	2b2tau	0.9	baseline-plus-edges	10.44	1000.0	1.7361000000e+02	8.0715499223e-25	5.2805631464e-26	1.0000000000e+00	1.8900264277e+00	7.1399164586e+01	3.8400180303e+00
onshell_2b2tau_r0p9	2b2tau	0.9	baseline-plus-edges	10.44	1000.0	2.2890000000e+02	3.1412528388e-25	0.0000000000e+00	1.0000000000e+00	2.0084652687e+00	7.1534013323e+01	3.8401091488e+00
onshell_2b2tau_r0p9	2b2tau	0.9	baseline-plus-edges	10.44	1000.0	3.1602000000e+02	1.7754933449e-25	0.0000000000e+00	1.0000000000e+00	2.0084652687e+00	7.1534013323e+01	3.8400226616e+00
onshell_2b2tau_r0p9	2b2tau	0.9	baseline-plus-edges	10.44	1000.0	4.3631000000e+02	1.7321638699e-25	0.0000000000e+00	1.0000000000e+00	2.0084652687e+00	7.1534013323e+01	3.8402053044e+00
onshell_2b2tau_r0p9	2b2tau	0.9	baseline-plus-edges	10.44	1000.0	6.0239000000e+02	2.3256342920e-25	0.0000000000e+00	1.0000000000e+00	2.0084652687e+00	7.1534013323e+01	3.8401789432e+00
onshell_2b2tau_r0p9	2b2tau	0.9	baseline-plus-edges	10.44	1000.0	8.3168000000e+02	3.5887433243e-25	0.0000000000e+00	1.0000000000e+00	2.0084652687e+00	7.1534013323e+01	3.8402409078e+00
onshell_2b2tau_r0p9	2b2tau	0.9	baseline-plus-edges	10.44	1000.0	1.0000000000e+03	4.8777903958e-25	0.0000000000e+00	1.0000000000e+00	2.0084652687e+00	7.1534013323e+01	3.8402104759e+00
onshell_2b2tau_r1p0	2b2tau	1.0	baseline-plus-edges	9.4	1000.0	9.4000000000e+00	8.6112445426e-26	2.2126458255e-26	1.0000000000e+00	2.0192109297e+00	6.8566302262e+01	3.8403141152e+00
onshell_2b2tau_r1p0	2b2tau	1.0	baseline-plus-edges	9.4	1000.0	2.5300000000e+01	8.9538573690e-26	2.3776650135e-26	1.0000000000e+00	1.9169028179e+00	6.6838432260e+01	3.8400560740e+00
onshell_2b2tau_r1p0	2b2tau	1.0	baseline-plus-edges	9.4	1000.0	3.5190000000e+01	9.6767844100e-26	1.8347346428e-26	1.0000000000e+00	1.9135966981e+00	7.0213648680e+01	3.8402437872e+00
onshell_2b2tau_r1p0	2b2tau	1.0	baseline-plus-edges	9.4	1000.0	4.6690000000e+01	6.8223332841e-26	0.0000000000e+00	1.0000000000e+00	2.0084652687e+00	7.1534013323e+01	3.8401351828e+00
onshell_2b2tau_r1p0	2b2tau	1.0	baseline-plus-edges	9.4	1000.0	6.4940000000e+01	6.9959506767e-26	0.0000000000e+00	1.0000000000e+00	2.0084652687e+00	7.1534013323e+01	3.8400744031e+00
onshell_2b2tau_r1p0	2b2tau	1.0	baseline-plus-edges	9.4	1000.0	9.0330000000e+01	1.5923036263e-25	0.0000000000e+00	1.0000000000e+00	2.0084652687e+00	7.1534013323e+01	3.8402452878e+00
onshell_2b2tau_r1p0	2b2tau	1.0	baseline-plus-edges	9.4	1000.0	1.2565000000e+02	5.0358486928e-25	3.3018047918e-26	1.0000000000e+00	1.9216648106e+00	7.1417724257e+01	3.8403684848e+00
onshell_2b2tau_r1p0	2b2tau	1.0	baseline-plus-edges	9.4	1000.0	1.6673000000e+02	8.4570596789e-25	8.3952001622e-26	1.0000000000e+00	1.8336182757e+00	7.1194527147e+01	3.8405299749e+00
onshell_2b2tau_r1p0	2b2tau	1.0	baseline-plus-edges	9.4	1000.0	2.3191000000e+02	2.6594090432e-25	0.0000000000e+00	1.0000000000e+00	2.0084652687e+00	7.1534013323e+01	3.8400681027e+00
onshell_2b2tau_r1p0	2b2tau	1.0	baseline-plus-edges	9.4	1000.0	3.2258000000e+02	1.7103183364e-25	0.0000000000e+00	1.0000000000e+00	2.0084652687e+00	7.1534013323e+01	3.8401270361e+00
onshell_2b2tau_r1p0	2b2tau	1.0	baseline-plus-edges	9.4	1000.0	4.4870000000e+02	1.7651577255e-25	0.0000000000e+00	1.0000000000e+00	2.0084652687e+00	7.1534013323e+01	3.8402355116e+00
onshell_2b2tau_r1p0	2b2tau	1.0	baseline-plus-edges	9.4	1000.0	5.9538000000e+02	2.2619784537e-25	0.0000000000e+00	1.0000000000e+00	2.0084652687e+00	7.1534013323e+01	3.8400693044e+00
onshell_2b2tau_r1p0	2b2tau	1.0	baseline-plus-edges	9.4	1000.0	8.2814000000e+02	3.5660414403e-25	0.0000000000e+00	1.0000000000e+00	2.0084652687e+00	7.1534013323e+01	3.8400664892e+00
onshell_2b2tau_r1p0	2b2tau	1.0	baseline-plus-edges	9.4	1000.0	1.0000000000e+03	4.8040631280e-25	0.0000000000e+00	1.0000000000e+00	2.0084652687e+00	7.1534013323e+01	3.8402332759e+00
